"","city","state","year","lat","long","airportID","meanMaxF","crimeRate"
"1","Abilene","TX","1985",32.4487364,-99.7331439,"ABI",42.3671232876712,355
"2","Abilene","TX","1986",32.4487364,-99.7331439,"ABI",44.8684931506849,859
"3","Abilene","TX","1987",32.4487364,-99.7331439,"ABI",44.6739726027397,890
"4","Abilene","TX","1988",32.4487364,-99.7331439,"ABI",43.1502732240437,914
"5","Abilene","TX","1989",32.4487364,-99.7331439,"ABI",41.5945205479452,870
"6","Abilene","TX","1990",32.4487364,-99.7331439,"ABI",42.32,554
"7","Abilene","TX","1991",32.4487364,-99.7331439,"ABI",44.2549575070822,721
"8","Abilene","TX","1992",32.4487364,-99.7331439,"ABI",42.0860534124629,696
"9","Abilene","TX","1993",32.4487364,-99.7331439,"ABI",45.4261363636364,598
"10","Abilene","TX","1994",32.4487364,-99.7331439,"ABI",42.1188405797101,642
"11","Abilene","TX","1995",32.4487364,-99.7331439,"ABI",42.7411764705882,506
"12","Abilene","TX","1996",32.4487364,-99.7331439,"ABI",40.1363636363636,561
"13","Abilene","TX","1997",32.4487364,-99.7331439,"ABI",45.6396648044693,679
"14","Abilene","TX","1998",32.4487364,-99.7331439,"ABI",43.7616438356164,740
"15","Abilene","TX","1999",32.4487364,-99.7331439,"ABI",41.3315068493151,444
"16","Abilene","TX","2000",32.4487364,-99.7331439,"ABI",45.0882352941176,517
"17","Abilene","TX","2001",32.4487364,-99.7331439,"ABI",44.0082191780822,498
"18","Abilene","TX","2002",32.4487364,-99.7331439,"ABI",46.6301369863014,576
"19","Abilene","TX","2003",32.4487364,-99.7331439,"ABI",46.172602739726,578
"20","Abilene","TX","2004",32.4487364,-99.7331439,"ABI",46.0109289617486,661
"21","Abilene","TX","2005",32.4487364,-99.7331439,"ABI",46.0712328767123,648
"22","Abilene","TX","2006",32.4487364,-99.7331439,"ABI",42.8301369863014,658
"23","Abilene","TX","2007",32.4487364,-99.7331439,"ABI",44.0219178082192,383
"24","Abilene","TX","2008",32.4487364,-99.7331439,"ABI",41.6830601092896,548
"25","Abilene","TX","2009",32.4487364,-99.7331439,"ABI",44.0027397260274,495
"26","Abilene","TX","2010",32.4487364,-99.7331439,"ABI",44.2520547945205,404
"27","Abilene","TX","2011",32.4487364,-99.7331439,"ABI",43.6849315068493,428
"28","Abilene","TX","2012",32.4487364,-99.7331439,"ABI",41.4781420765027,472
"29","Ada County","ID","1985",43.478767,-116.2420304,"BOI",57.3479452054795,117
"30","Ada County","ID","1986",43.478767,-116.2420304,"BOI",63.1452054794521,110
"31","Ada County","ID","1987",43.478767,-116.2420304,"BOI",65.0301369863014,167
"32","Ada County","ID","1988",43.478767,-116.2420304,"BOI",63.9754098360656,172
"33","Ada County","ID","1989",43.478767,-116.2420304,"BOI",61.9369863013699,143
"34","Ada County","ID","1990",43.478767,-116.2420304,"BOI",63.6191780821918,81
"35","Ada County","ID","1991",43.478767,-116.2420304,"BOI",62.7753424657534,115
"36","Ada County","ID","1992",43.478767,-116.2420304,"BOI",65.3142076502732,126
"37","Ada County","ID","1993",43.478767,-116.2420304,"BOI",59.6109589041096,150
"38","Ada County","ID","1994",43.478767,-116.2420304,"BOI",64.0054794520548,91
"39","Ada County","ID","1995",43.478767,-116.2420304,"BOI",63.0767123287671,111
"40","Ada County","ID","1996",43.478767,-116.2420304,"BOI",61.0382513661202,133
"41","Ada County","ID","1997",43.478767,-116.2420304,"BOI",63.8520547945205,102
"42","Ada County","ID","1998",43.478767,-116.2420304,"BOI",64.0575342465753,117
"43","Ada County","ID","1999",43.478767,-116.2420304,"BOI",63.7917808219178,103
"44","Ada County","ID","2000",43.478767,-116.2420304,"MUO",62.8376383763838,93
"45","Ada County","ID","2001",43.478767,-116.2420304,"BOI",64,103
"46","Ada County","ID","2002",43.478767,-116.2420304,"BOI",63.2383561643836,116
"47","Ada County","ID","2003",43.478767,-116.2420304,"BOI",65.5808219178082,136
"48","Ada County","ID","2004",43.478767,-116.2420304,"BOI",63.3579234972678,120
"49","Ada County","ID","2006",43.478767,-116.2420304,"BOI",64.8712328767123,122
"50","Ada County","ID","2007",43.478767,-116.2420304,"BOI",66.0465753424658,128
"51","Ada County","ID","2008",43.478767,-116.2420304,"BOI",63.5546448087432,130
"52","Ada County","ID","2009",43.478767,-116.2420304,"BOI",63.2246575342466,126
"53","Ada County","ID","2010",43.478767,-116.2420304,"BOI",63.8465753424658,115
"54","Ada County","ID","2011",43.478767,-116.2420304,"BOI",63.6575342465753,130
"55","Ada County","ID","2012",43.478767,-116.2420304,"BOI",66.8934426229508,168
"56","Aiken County","SC","1985",33.6005783,-81.6035062,"AIK",-3486.74246575342,485
"57","Aiken County","SC","1986",33.6005783,-81.6035062,"AIK",79.8383561643836,683
"58","Aiken County","SC","1987",33.6005783,-81.6035062,"AIK",78.1452054794521,728
"59","Aiken County","SC","1988",33.6005783,-81.6035062,"AIK",77.0983606557377,632
"60","Aiken County","SC","1989",33.6005783,-81.6035062,"AIK",76.8493150684932,627
"61","Aiken County","SC","1990",33.6005783,-81.6035062,"AIK",80.4794520547945,479
"62","Aiken County","SC","1991",33.6005783,-81.6035062,"AIK",77.9424657534247,380
"63","Aiken County","SC","1992",33.6005783,-81.6035062,"AIK",76.1229508196721,424
"64","Aiken County","SC","1993",33.6005783,-81.6035062,"AIK",77.6602739726027,612
"65","Aiken County","SC","1994",33.6005783,-81.6035062,"AIK",-99999,644
"66","Aiken County","SC","1995",33.6005783,-81.6035062,"AIK",-99999,636
"67","Aiken County","SC","1996",33.6005783,-81.6035062,"AGS",74.2049180327869,453
"68","Aiken County","SC","1997",33.6005783,-81.6035062,"AGS",74.5013698630137,315
"69","Aiken County","SC","1998",33.6005783,-81.6035062,"AGS",77.0821917808219,363
"70","Aiken County","SC","1999",33.6005783,-81.6035062,"AGS",76.6657534246575,336
"71","Aiken County","SC","2000",33.6005783,-81.6035062,"AGS",74.3025830258303,327
"72","Aiken County","SC","2001",33.6005783,-81.6035062,"AGS",76.4520547945205,371
"73","Aiken County","SC","2002",33.6005783,-81.6035062,"AGS",76.0109589041096,703
"74","Aiken County","SC","2003",33.6005783,-81.6035062,"AGS",73.9205479452055,636
"75","Aiken County","SC","2004",33.6005783,-81.6035062,"AGS",75.7349726775956,439
"76","Aiken County","SC","2005",33.6005783,-81.6035062,"AGS",75.8575342465753,674
"77","Aiken County","SC","2006",33.6005783,-81.6035062,"AGS",77.7561643835616,563
"78","Aiken County","SC","2007",33.6005783,-81.6035062,"AGS",79.2493150684931,544
"79","Aiken County","SC","2008",33.6005783,-81.6035062,"AIK",61.84,528
"80","Aiken County","SC","2009",33.6005783,-81.6035062,"AIK",71.6082191780822,377
"81","Aiken County","SC","2010",33.6005783,-81.6035062,"AIK",72.5342465753425,440
"82","Aiken County","SC","2011",33.6005783,-81.6035062,"AIK",76.1705882352941,437
"83","Aiken County","SC","2012",33.6005783,-81.6035062,"AGS",77.9535519125683,351
"84","Akron City","OH","1985",41.0814447,-81.5190053,"CAK",58.1397260273973,2012
"85","Akron City","OH","1986",41.0814447,-81.5190053,"CAK",59.0301369863014,2826
"86","Akron City","OH","1987",41.0814447,-81.5190053,"CAK",59.6356164383562,2645
"87","Akron City","OH","1988",41.0814447,-81.5190053,"CAK",58.8224043715847,2251
"88","Akron City","OH","1989",41.0814447,-81.5190053,"CAK",57,2164
"89","Akron City","OH","1990",41.0814447,-81.5190053,"CAK",59.9068493150685,2268
"90","Akron City","OH","1991",41.0814447,-81.5190053,"CAK",61.4164383561644,2345
"91","Akron City","OH","1992",41.0814447,-81.5190053,"CAK",57.1803278688525,2584
"92","Akron City","OH","1993",41.0814447,-81.5190053,"CAK",58.0767123287671,1873
"93","Akron City","OH","1994",41.0814447,-81.5190053,"CAK",58.4767123287671,2445
"94","Akron City","OH","1995",41.0814447,-81.5190053,"CAK",57.6027397260274,2146
"95","Akron City","OH","1996",41.0814447,-81.5190053,"CAK",54.9699453551913,1303
"96","Akron City","OH","1999",41.0814447,-81.5190053,"CAK",60.227397260274,1258
"97","Akron City","OH","2000",41.0814447,-81.5190053,"CAK",56.4575645756458,1279
"98","Akron City","OH","2001",41.0814447,-81.5190053,"CAK",59.6657534246575,1345
"99","Akron City","OH","2002",41.0814447,-81.5190053,"CAK",59.7123287671233,1584
"100","Akron City","OH","2003",41.0814447,-81.5190053,"CAK",57.2246575342466,2129
"101","Akron City","OH","2004",41.0814447,-81.5190053,"CAK",57.8497267759563,1919
"102","Akron City","OH","2005",41.0814447,-81.5190053,"CAK",59.1890410958904,1675
"103","Akron City","OH","2006",41.0814447,-81.5190053,"CAK",60.1780821917808,1779
"104","Akron City","OH","2007",41.0814447,-81.5190053,"CAK",60.1616438356164,778
"105","Akron City","OH","2008",41.0814447,-81.5190053,"CAK",58.7595628415301,610
"106","Akron City","OH","2009",41.0814447,-81.5190053,"CAK",58.7232876712329,1087
"107","Akron City","OH","2010",41.0814447,-81.5190053,"CAK",60.1945205479452,1206
"108","Akron City","OH","2011",41.0814447,-81.5190053,"CAK",60.3232876712329,1921
"109","Akron City","OH","2012",41.0814447,-81.5190053,"CAK",63.4672131147541,1759
"110","Alachua County","FL","1997",29.6579549,-82.3017728,"GNV",79.2958904109589,583
"111","Alachua County","FL","1998",29.6579549,-82.3017728,"GNV",81.2027397260274,897
"112","Alachua County","FL","1999",29.6579549,-82.3017728,"GNV",80.7561643835616,861
"113","Alachua County","FL","2000",29.6579549,-82.3017728,"GNV",79.5682656826568,925
"114","Alachua County","FL","2001",29.6579549,-82.3017728,"GNV",80.1013698630137,1041
"115","Alachua County","FL","2002",29.6579549,-82.3017728,"GNV",79.986301369863,878
"116","Alachua County","FL","2003",29.6579549,-82.3017728,"GNV",79.1534246575342,772
"117","Alachua County","FL","2004",29.6579549,-82.3017728,"GNV",79.8989071038251,874
"118","Alachua County","FL","2005",29.6579549,-82.3017728,"GNV",79.6712328767123,1177
"119","Alachua County","FL","2006",29.6579549,-82.3017728,"GNV",81.1479452054794,1059
"120","Alachua County","FL","2007",29.6579549,-82.3017728,"GNV",80.9917808219178,948
"121","Alachua County","FL","2008",29.6579549,-82.3017728,"GNV",80.4426229508197,929
"122","Alachua County","FL","2009",29.6579549,-82.3017728,"GNV",80.186301369863,581
"123","Alachua County","FL","2010",29.6579549,-82.3017728,"GNV",80.1205479452055,1048
"124","Alachua County","FL","2011",29.6579549,-82.3017728,"GNV",83.2904109589041,1027
"125","Alachua County","FL","2012",29.6579549,-82.3017728,"GNV",82.3497267759563,596
"126","Alameda County","CA","1985",37.6016892,-121.7195459,"SJC",71.1041095890411,348
"127","Alameda County","CA","1986",37.6016892,-121.7195459,"SJC",72.8547945205479,423
"128","Alameda County","CA","1987",37.6016892,-121.7195459,"SJC",72.1534246575342,190
"129","Alameda County","CA","1988",37.6016892,-121.7195459,"SJC",72.516393442623,484
"130","Alameda County","CA","1989",37.6016892,-121.7195459,"SJC",71.2493150684931,931
"131","Alameda County","CA","1990",37.6016892,-121.7195459,"NUQ",68.9835616438356,1502
"132","Alameda County","CA","1991",37.6016892,-121.7195459,"SJC",70.3232876712329,1331
"133","Alameda County","CA","1992",37.6016892,-121.7195459,"SJC",72.6284153005465,687
"134","Alameda County","CA","1993",37.6016892,-121.7195459,"SJC",71.7150684931507,1382
"135","Alameda County","CA","1994",37.6016892,-121.7195459,"SJC",69.8849315068493,349
"136","Alameda County","CA","1995",37.6016892,-121.7195459,"SJC",72.1205479452055,400
"137","Alameda County","CA","1996",37.6016892,-121.7195459,"SJC",72.9562841530055,427
"138","Alameda County","CA","1997",37.6016892,-121.7195459,"SJC",72.7671232876712,495
"139","Alameda County","CA","1998",37.6016892,-121.7195459,"SJC",67.8602739726027,547
"140","Alameda County","CA","1999",37.6016892,-121.7195459,"LVK",70.6904109589041,513
"141","Alameda County","CA","2000",37.6016892,-121.7195459,"LVK",71.1328413284133,461
"142","Alameda County","CA","2001",37.6016892,-121.7195459,"LVK",72.5780821917808,505
"143","Alameda County","CA","2002",37.6016892,-121.7195459,"LVK",71.9424657534247,545
"144","Alameda County","CA","2003",37.6016892,-121.7195459,"LVK",71.8986301369863,683
"145","Alameda County","CA","2004",37.6016892,-121.7195459,"LVK",71.516393442623,728
"146","Alameda County","CA","2005",37.6016892,-121.7195459,"LVK",71.4493150684931,637
"147","Alameda County","CA","2006",37.6016892,-121.7195459,"LVK",71.8520547945206,671
"148","Alameda County","CA","2007",37.6016892,-121.7195459,"LVK",72.2438356164384,527
"149","Alameda County","CA","2008",37.6016892,-121.7195459,"LVK",73.0601092896175,540
"150","Alameda County","CA","2009",37.6016892,-121.7195459,"LVK",72.6712328767123,652
"151","Alameda County","CA","2010",37.6016892,-121.7195459,"LVK",70.9178082191781,698
"152","Alameda County","CA","2011",37.6016892,-121.7195459,"LVK",71.4356164383562,725
"153","Alameda County","CA","2012",37.6016892,-121.7195459,"LVK",73.8087431693989,651
"154","Albemarle County","VA","2009",NA,NA,"CHO",65.4904109589041,125
"155","Albemarle County","VA","2010",NA,NA,"CHO",69.0739726027397,109
"156","Albemarle County","VA","2011",NA,NA,"CHO",69.7753424657534,106
"157","Albemarle County","VA","2012",NA,NA,"CHO",70.4207650273224,99
"158","Albuquerque","NM","1985",35.0853336,-106.6055534,"ABQ",67.8356164383562,3845
"159","Albuquerque","NM","1986",35.0853336,-106.6055534,"ABQ",67.9287671232877,4275
"160","Albuquerque","NM","1987",35.0853336,-106.6055534,"ABQ",67.841095890411,4696
"161","Albuquerque","NM","1988",35.0853336,-106.6055534,"ABQ",68.8934426229508,5121
"162","Albuquerque","NM","1989",35.0853336,-106.6055534,"ABQ",70.9424657534247,5591
"163","Albuquerque","NM","1990",35.0853336,-106.6055534,"ABQ",68.3424657534247,6168
"164","Albuquerque","NM","1991",35.0853336,-106.6055534,"ABQ",69.0465753424658,5677
"165","Albuquerque","NM","1992",35.0853336,-106.6055534,"ABQ",68.3524590163934,5563
"166","Albuquerque","NM","1993",35.0853336,-106.6055534,"ABQ",70.1616438356164,5255
"167","Albuquerque","NM","1994",35.0853336,-106.6055534,"ABQ",71.2246575342466,4105
"168","Albuquerque","NM","1995",35.0853336,-106.6055534,"ABQ",71.4,4292
"169","Albuquerque","NM","1996",35.0853336,-106.6055534,"ABQ",69.792349726776,5259
"170","Albuquerque","NM","1997",35.0853336,-106.6055534,"ABQ",67.6520547945206,4889
"171","Albuquerque","NM","1998",35.0853336,-106.6055534,"ABQ",69.2712328767123,4439
"172","Albuquerque","NM","1999",35.0853336,-106.6055534,"ABQ",69.8739726027397,4720
"173","Albuquerque","NM","2000",35.0853336,-106.6055534,"SAF",65.4981549815498,4670
"174","Albuquerque","NM","2001",35.0853336,-106.6055534,"ABQ",70.1178082191781,6696
"175","Albuquerque","NM","2002",35.0853336,-106.6055534,"ABQ",69.9232876712329,6707
"176","Albuquerque","NM","2003",35.0853336,-106.6055534,"ABQ",70.8630136986301,4735
"177","Albuquerque","NM","2004",35.0853336,-106.6055534,"ABQ",68.3333333333333,6267
"178","Albuquerque","NM","2005",35.0853336,-106.6055534,"ABQ",70.0109589041096,4291
"179","Albuquerque","NM","2006",35.0853336,-106.6055534,"ABQ",69.8356164383562,4207
"180","Albuquerque","NM","2007",35.0853336,-106.6055534,"ABQ",70.1452054794521,4151
"181","Albuquerque","NM","2008",35.0853336,-106.6055534,"ABQ",69.7540983606557,5136
"182","Albuquerque","NM","2009",35.0853336,-106.6055534,"ABQ",70.4602739726027,4082
"183","Albuquerque","NM","2010",35.0853336,-106.6055534,"ABQ",70.4794520547945,4550
"184","Albuquerque","NM","2011",35.0853336,-106.6055534,"ABQ",71.1698630136986,5080
"185","Albuquerque","NM","2012",35.0853336,-106.6055534,"ABQ",72.8114754098361,4718
"186","Alexandria","VA","1985",38.8048355,-77.0469214,"DCA",65.9424657534247,314
"187","Alexandria","VA","1986",38.8048355,-77.0469214,"DCA",65.2684931506849,408
"188","Alexandria","VA","1987",38.8048355,-77.0469214,"DCA",66.1287671232877,419
"189","Alexandria","VA","1988",38.8048355,-77.0469214,"DCA",64.6885245901639,406
"190","Alexandria","VA","1989",38.8048355,-77.0469214,"DCA",64.3561643835616,378
"191","Alexandria","VA","1990",38.8048355,-77.0469214,"DCA",68.2876712328767,288
"192","Alexandria","VA","1991",38.8048355,-77.0469214,"DCA",68.2575342465753,272
"193","Alexandria","VA","1992",38.8048355,-77.0469214,"DCA",63.6147540983607,252
"194","Alexandria","VA","1993",38.8048355,-77.0469214,"DCA",65.4356164383562,802
"195","Alexandria","VA","1994",38.8048355,-77.0469214,"DCA",66.6191780821918,728
"196","Alexandria","VA","1995",38.8048355,-77.0469214,"DCA",65.9260273972603,681
"197","Alexandria","VA","1996",38.8048355,-77.0469214,"DCA",64.1010928961749,749
"198","Alexandria","VA","1997",38.8048355,-77.0469214,"DCA",66.2301369863014,719
"199","Alexandria","VA","1998",38.8048355,-77.0469214,"DCA",68.0164383561644,693
"200","Alexandria","VA","1999",38.8048355,-77.0469214,"DCA",67.3479452054794,738
"201","Alexandria","VA","2000",38.8048355,-77.0469214,"DCA",63.9114391143911,747
"202","Alexandria","VA","2001",38.8048355,-77.0469214,"DCA",66.9561643835616,752
"203","Alexandria","VA","2002",38.8048355,-77.0469214,"DCA",67.6849315068493,705
"204","Alexandria","VA","2003",38.8048355,-77.0469214,"DCA",63.7178082191781,654
"205","Alexandria","VA","2004",38.8048355,-77.0469214,"DCA",65.4289617486339,636
"206","Alexandria","VA","2005",38.8048355,-77.0469214,"DCA",66.1890410958904,606
"207","Alexandria","VA","2006",38.8048355,-77.0469214,"DCA",67.7479452054795,489
"208","Alexandria","VA","2007",38.8048355,-77.0469214,"DCA",67.7753424657534,388
"209","Alexandria","VA","2008",38.8048355,-77.0469214,"DCA",67.7431693989071,326
"210","Alexandria","VA","2009",38.8048355,-77.0469214,"DCA",65.4904109589041,462
"211","Alexandria","VA","2010",38.8048355,-77.0469214,"DCA",68.3424657534247,449
"212","Alexandria","VA","2011",38.8048355,-77.0469214,"DCA",68.345205479452,366
"213","Alexandria","VA","2012",38.8048355,-77.0469214,"DCA",70.1994535519126,243
"214","Allentown City","PA","1985",40.6084305,-75.4901833,"ABE",61.0794520547945,460
"215","Allentown City","PA","1986",40.6084305,-75.4901833,"ABE",60.6904109589041,427
"216","Allentown City","PA","1987",40.6084305,-75.4901833,"ABE",61.1013698630137,476
"217","Allentown City","PA","1988",40.6084305,-75.4901833,"ABE",60.4808743169399,653
"218","Allentown City","PA","1989",40.6084305,-75.4901833,"ABE",59.7095890410959,822
"219","Allentown City","PA","1990",40.6084305,-75.4901833,"ABE",63.3835616438356,776
"220","Allentown City","PA","1991",40.6084305,-75.4901833,"ABE",63.6684931506849,652
"221","Allentown City","PA","1992",40.6084305,-75.4901833,"ABE",59.3251366120219,499
"222","Allentown City","PA","1993",40.6084305,-75.4901833,"ABE",61.158904109589,396
"223","Allentown City","PA","1994",40.6084305,-75.4901833,"ABE",61.6767123287671,660
"224","Allentown City","PA","1995",40.6084305,-75.4901833,"ABE",61.358904109589,688
"225","Allentown City","PA","1996",40.6084305,-75.4901833,"ABE",57.8196721311475,618
"226","Allentown City","PA","1997",40.6084305,-75.4901833,"ABE",60.1287671232877,615
"227","Allentown City","PA","1998",40.6084305,-75.4901833,"ABE",63.9232876712329,393
"228","Allentown City","PA","1999",40.6084305,-75.4901833,"RDG",63.5616438356164,391
"229","Allentown City","PA","2000",40.6084305,-75.4901833,"ABE",58.5917602996255,415
"230","Allentown City","PA","2001",40.6084305,-75.4901833,"ABE",62.0493150684932,719
"231","Allentown City","PA","2002",40.6084305,-75.4901833,"ABE",62.8328767123288,869
"232","Allentown City","PA","2003",40.6084305,-75.4901833,"ABE",59.8739726027397,805
"233","Allentown City","PA","2004",40.6084305,-75.4901833,"ABE",60.6420765027322,749
"234","Allentown City","PA","2005",40.6084305,-75.4901833,"ABE",62.213698630137,687
"235","Allentown City","PA","2006",40.6084305,-75.4901833,"ABE",63.7452054794521,677
"236","Allentown City","PA","2007",40.6084305,-75.4901833,"ABE",62.2958904109589,641
"237","Allentown City","PA","2008",40.6084305,-75.4901833,"ABE",62.0054644808743,652
"238","Allentown City","PA","2009",40.6084305,-75.4901833,"ABE",60.5123287671233,863
"239","Allentown City","PA","2010",40.6084305,-75.4901833,"ABE",63.2328767123288,1081
"240","Allentown City","PA","2011",40.6084305,-75.4901833,"ABE",63.4383561643836,647
"241","Allentown City","PA","2012",40.6084305,-75.4901833,"ABE",64.9153005464481,732
"242","Amarillo","TX","1985",35.2219971,-101.8312969,"TDW",68.7780821917808,887
"243","Amarillo","TX","1986",35.2219971,-101.8312969,"TDW",69.7178082191781,842
"244","Amarillo","TX","1987",35.2219971,-101.8312969,"TDW",67.558904109589,759
"245","Amarillo","TX","1988",35.2219971,-101.8312969,"TDW",68.3224043715847,1261
"246","Amarillo","TX","1989",35.2219971,-101.8312969,"TDW",70.0712328767123,1380
"247","Amarillo","TX","1990",35.2219971,-101.8312969,"TDW",70.6904109589041,923
"248","Amarillo","TX","1991",35.2219971,-101.8312969,"TDW",69.7095890410959,1129
"249","Amarillo","TX","1992",35.2219971,-101.8312969,"TDW",68.9426229508197,1428
"250","Amarillo","TX","1993",35.2219971,-101.8312969,"TDW",68.1068493150685,1244
"251","Amarillo","TX","1994",35.2219971,-101.8312969,"TDW",70.8465753424658,1265
"252","Amarillo","TX","1995",35.2219971,-101.8312969,"TDW",70.0986301369863,1221
"253","Amarillo","TX","1996",35.2219971,-101.8312969,"TDW",68.2868852459016,1434
"254","Amarillo","TX","1997",35.2219971,-101.8312969,"TDW",67.7890410958904,1404
"255","Amarillo","TX","1998",35.2219971,-101.8312969,"TDW",72.4684931506849,960
"256","Amarillo","TX","1999",35.2219971,-101.8312969,"TDW",70.5808219178082,926
"257","Amarillo","TX","2000",35.2219971,-101.8312969,"TDW",71.2988929889299,906
"258","Amarillo","TX","2001",35.2219971,-101.8312969,"TDW",71.8520547945206,1134
"259","Amarillo","TX","2002",35.2219971,-101.8312969,"TDW",70.3068493150685,1622
"260","Amarillo","TX","2003",35.2219971,-101.8312969,"TDW",71.6849315068493,1835
"261","Amarillo","TX","2004",35.2219971,-101.8312969,"TDW",69.4754098360656,1473
"262","Amarillo","TX","2005",35.2219971,-101.8312969,"TDW",70.5068493150685,1580
"263","Amarillo","TX","2006",35.2219971,-101.8312969,"TDW",72.1178082191781,1200
"264","Amarillo","TX","2007",35.2219971,-101.8312969,"TDW",70.4246575342466,1223
"265","Amarillo","TX","2008",35.2219971,-101.8312969,"TDW",72.1775956284153,1278
"266","Amarillo","TX","2009",35.2219971,-101.8312969,"TDW",71.4575342465753,1426
"267","Amarillo","TX","2010",35.2219971,-101.8312969,"TDW",71.3534246575342,1537
"268","Amarillo","TX","2011",35.2219971,-101.8312969,"TDW",74.6328767123288,1478
"269","Amarillo","TX","2012",35.2219971,-101.8312969,"TDW",75.9754098360656,1496
"270","Amherst Town","NY","1985",42.9756133,-78.7914222,"BUF",55.6794520547945,74
"271","Amherst Town","NY","1986",42.9756133,-78.7914222,"BUF",55.2630136986301,84
"272","Amherst Town","NY","1987",42.9756133,-78.7914222,"BUF",57.4054794520548,122
"273","Amherst Town","NY","1988",42.9756133,-78.7914222,"BUF",56.6010928961749,137
"274","Amherst Town","NY","1989",42.9756133,-78.7914222,"BUF",53.7945205479452,141
"275","Amherst Town","NY","1990",42.9756133,-78.7914222,"BUF",57.6164383561644,98
"276","Amherst Town","NY","1991",42.9756133,-78.7914222,"BUF",58.3917808219178,97
"277","Amherst Town","NY","1992",42.9756133,-78.7914222,"BUF",54.4535519125683,91
"278","Amherst Town","NY","1993",42.9756133,-78.7914222,"BUF",55.9452054794521,76
"279","Amherst Town","NY","1994",42.9756133,-78.7914222,"BUF",56.2684931506849,229
"280","Amherst Town","NY","1995",42.9756133,-78.7914222,"BUF",55.441095890411,246
"281","Amherst Town","NY","1996",42.9756133,-78.7914222,"BUF",53.1584699453552,223
"282","Amherst Town","NY","1997",42.9756133,-78.7914222,"BUF",54.3041095890411,249
"283","Amherst Town","NY","1998",42.9756133,-78.7914222,"BUF",58.3369863013699,281
"284","Amherst Town","NY","1999",42.9756133,-78.7914222,"BUF",57.4383561643836,256
"285","Amherst Town","NY","2000",42.9756133,-78.7914222,"IAG",54.0666666666667,293
"286","Amherst Town","NY","2001",42.9756133,-78.7914222,"BUF",57.6520547945205,283
"287","Amherst Town","NY","2002",42.9756133,-78.7914222,"BUF",56.772602739726,187
"288","Amherst Town","NY","2003",42.9756133,-78.7914222,"BUF",54.5232876712329,109
"289","Amherst Town","NY","2004",42.9756133,-78.7914222,"BUF",55.1502732240437,85
"290","Amherst Town","NY","2005",42.9756133,-78.7914222,"BUF",57.027397260274,119
"291","Amherst Town","NY","2006",42.9756133,-78.7914222,"BUF",58.3178082191781,124
"292","Amherst Town","NY","2007",42.9756133,-78.7914222,"BUF",57.4575342465753,88
"293","Amherst Town","NY","2008",42.9756133,-78.7914222,"BUF",56.5846994535519,111
"294","Amherst Town","NY","2009",42.9756133,-78.7914222,"BUF",55.6904109589041,102
"295","Amherst Town","NY","2010",42.9756133,-78.7914222,"BUF",56.7945205479452,101
"296","Amherst Town","NY","2011",42.9756133,-78.7914222,"BUF",57.4493150684931,120
"297","Amherst Town","NY","2012",42.9756133,-78.7914222,"BUF",60.2896174863388,129
"298","Anaheim","CA","1985",33.8352932,-117.9145036,"SNA",73.3972602739726,1279
"299","Anaheim","CA","1986",33.8352932,-117.9145036,"SNA",73.3068493150685,1942
"300","Anaheim","CA","1987",33.8352932,-117.9145036,"SNA",71.5808219178082,1748
"301","Anaheim","CA","1988",33.8352932,-117.9145036,"SNA",72.2677595628415,1950
"302","Anaheim","CA","1989",33.8352932,-117.9145036,"FUL",74.586301369863,1357
"303","Anaheim","CA","1990",33.8352932,-117.9145036,"SNA",72.9315068493151,1184
"304","Anaheim","CA","1991",33.8352932,-117.9145036,"FUL",73.3095890410959,1161
"305","Anaheim","CA","1992",33.8352932,-117.9145036,"FUL",75.431693989071,1281
"306","Anaheim","CA","1993",33.8352932,-117.9145036,"SNA",71.7178082191781,1162
"307","Anaheim","CA","1994",33.8352932,-117.9145036,"SNA",71.4191780821918,1639
"308","Anaheim","CA","1995",33.8352932,-117.9145036,"SNA",70.641095890411,1274
"309","Anaheim","CA","1996",33.8352932,-117.9145036,"SNA",72.3060109289618,1442
"310","Anaheim","CA","1997",33.8352932,-117.9145036,"SNA",74.1369863013699,1651
"311","Anaheim","CA","1998",33.8352932,-117.9145036,"FUL",73.1616438356164,1802
"312","Anaheim","CA","1999",33.8352932,-117.9145036,"FUL",73.7205479452055,1530
"313","Anaheim","CA","2000",33.8352932,-117.9145036,"FUL",74.8191881918819,1616
"314","Anaheim","CA","2001",33.8352932,-117.9145036,"FUL",72.8684931506849,1524
"315","Anaheim","CA","2002",33.8352932,-117.9145036,"FUL",73.7205479452055,2644
"316","Anaheim","CA","2003",33.8352932,-117.9145036,"FUL",75.4931506849315,2475
"317","Anaheim","CA","2004",33.8352932,-117.9145036,"FUL",75.1803278688525,2071
"318","Anaheim","CA","2005",33.8352932,-117.9145036,"FUL",74.627397260274,1964
"319","Anaheim","CA","2006",33.8352932,-117.9145036,"FUL",76.7945205479452,1518
"320","Anaheim","CA","2007",33.8352932,-117.9145036,"FUL",77.2958904109589,1319
"321","Anaheim","CA","2008",33.8352932,-117.9145036,"FUL",77.8415300546448,1413
"322","Anaheim","CA","2009",33.8352932,-117.9145036,"FUL",76.8767123287671,1316
"323","Anaheim","CA","2010",33.8352932,-117.9145036,"FUL",74.3287671232877,1389
"324","Anaheim","CA","2011",33.8352932,-117.9145036,"FUL",75.2383561643836,1423
"325","Anaheim","CA","2012",33.8352932,-117.9145036,"FUL",78.931693989071,1312
"326","Anchorage","AK","1985",61.2180556,-149.9002778,"EDF",40.9643835616438,1669
"327","Anchorage","AK","1986",61.2180556,-149.9002778,"MRI",44.4739726027397,1971
"328","Anchorage","AK","1987",61.2180556,-149.9002778,"MRI",44.6438356164384,1184
"329","Anchorage","AK","1988",61.2180556,-149.9002778,"MRI",44.0491803278689,1330
"330","Anchorage","AK","1989",61.2180556,-149.9002778,"MRI",42.7342465753425,2478
"331","Anchorage","AK","1990",61.2180556,-149.9002778,"MRI",42.8657534246575,2510
"332","Anchorage","AK","1991",61.2180556,-149.9002778,"MRI",43.4027397260274,2078
"333","Anchorage","AK","1992",61.2180556,-149.9002778,"MRI",42.5245901639344,1889
"334","Anchorage","AK","1993",61.2180556,-149.9002778,"MRI",46.2493150684932,1632
"335","Anchorage","AK","1994",61.2180556,-149.9002778,"MRI",43.5412087912088,1198
"336","Anchorage","AK","1995",61.2180556,-149.9002778,"MRI",43.6931506849315,1025
"337","Anchorage","AK","1996",61.2180556,-149.9002778,"MRI",41.3907103825137,1122
"338","Anchorage","AK","1997",61.2180556,-149.9002778,"MRI",45.6931506849315,1131
"339","Anchorage","AK","1998",61.2180556,-149.9002778,"MRI",43.8739726027397,1744
"340","Anchorage","AK","1999",61.2180556,-149.9002778,"MRI",41.9808219178082,2164
"341","Anchorage","AK","2000",61.2180556,-149.9002778,"MRI",45.0919117647059,2031
"342","Anchorage","AK","2001",61.2180556,-149.9002778,"MRI",45.0958904109589,2213
"343","Anchorage","AK","2002",61.2180556,-149.9002778,"MRI",46.1506849315069,2405
"344","Anchorage","AK","2003",61.2180556,-149.9002778,"MRI",45.8082191780822,2647
"345","Anchorage","AK","2004",61.2180556,-149.9002778,"MRI",45.7041095890411,2488
"346","Anchorage","AK","2005",61.2180556,-149.9002778,"MRI",45.9452054794521,2432
"347","Anchorage","AK","2006",61.2180556,-149.9002778,"MRI",42.7972602739726,2388
"348","Anchorage","AK","2007",61.2180556,-149.9002778,"MRI",43.8630136986301,1683
"349","Anchorage","AK","2008",61.2180556,-149.9002778,"MRI",41.9398907103825,1524
"350","Anchorage","AK","2009",61.2180556,-149.9002778,"MRI",44.1561643835616,1748
"351","Anchorage","AK","2010",61.2180556,-149.9002778,"MRI",44.6465753424658,1721
"352","Anchorage","AK","2011",61.2180556,-149.9002778,"MRI",45.6849315068493,2479
"353","Anchorage","AK","2012",61.2180556,-149.9002778,"MRI",42.0081967213115,2592
"354","Anderson County","SC","1985",34.5528328,-82.6483442,"AND",71.1123287671233,897
"355","Anderson County","SC","1986",34.5528328,-82.6483442,"AND",72.2739726027397,952
"356","Anderson County","SC","1987",34.5528328,-82.6483442,"AND",71.6794520547945,940
"357","Anderson County","SC","1988",34.5528328,-82.6483442,"AND",71.3251366120219,874
"358","Anderson County","SC","1989",34.5528328,-82.6483442,"AND",70.9041095890411,976
"359","Anderson County","SC","1990",34.5528328,-82.6483442,"AND",74.5068493150685,1011
"360","Anderson County","SC","1991",34.5528328,-82.6483442,"AND",72.2904109589041,1076
"361","Anderson County","SC","1992",34.5528328,-82.6483442,"AND",70.1666666666667,1012
"362","Anderson County","SC","1993",34.5528328,-82.6483442,"AND",71.1835616438356,345
"363","Anderson County","SC","1994",34.5528328,-82.6483442,"AND",70.9450549450549,320
"364","Anderson County","SC","1995",34.5528328,-82.6483442,"AND",70.6712328767123,332
"365","Anderson County","SC","1996",34.5528328,-82.6483442,"AND",70.6174863387978,453
"366","Anderson County","SC","1997",34.5528328,-82.6483442,"AND",71.3534246575342,517
"367","Anderson County","SC","1998",34.5528328,-82.6483442,"AND",73.8301369863014,585
"368","Anderson County","SC","1999",34.5528328,-82.6483442,"AND",72.7452054794521,606
"369","Anderson County","SC","2000",34.5528328,-82.6483442,"AND",70.4022140221402,659
"370","Anderson County","SC","2001",34.5528328,-82.6483442,"AND",72.1315068493151,823
"371","Anderson County","SC","2002",34.5528328,-82.6483442,"AND",72.172602739726,896
"372","Anderson County","SC","2003",34.5528328,-82.6483442,"AND",70.227397260274,813
"373","Anderson County","SC","2004",34.5528328,-82.6483442,"AND",71.4344262295082,803
"374","Anderson County","SC","2005",34.5528328,-82.6483442,"AND",71.4438356164383,631
"375","Anderson County","SC","2006",34.5528328,-82.6483442,"AND",73.0164383561644,633
"376","Anderson County","SC","2007",34.5528328,-82.6483442,"AND",73.8246575342466,689
"377","Anderson County","SC","2008",34.5528328,-82.6483442,"AND",71.9344262295082,597
"378","Anderson County","SC","2009",34.5528328,-82.6483442,"AND",70.8904109589041,806
"379","Anderson County","SC","2010",34.5528328,-82.6483442,"AND",72.3698630136986,776
"380","Anderson County","SC","2011",34.5528328,-82.6483442,"CEU",74.7438016528926,809
"381","Anderson County","SC","2012",34.5528328,-82.6483442,"AND",73.8333333333333,920
"382","Ann Arbor","MI","1985",42.2808256,-83.7430378,"DTW",56.1506849315069,348
"383","Ann Arbor","MI","1986",42.2808256,-83.7430378,"DTW",57.5397260273973,298
"384","Ann Arbor","MI","1987",42.2808256,-83.7430378,"DTW",59.4602739726027,635
"385","Ann Arbor","MI","1988",42.2808256,-83.7430378,"DTW",58.6939890710383,749
"386","Ann Arbor","MI","1989",42.2808256,-83.7430378,"DTW",56.2958904109589,675
"387","Ann Arbor","MI","1990",42.2808256,-83.7430378,"DTW",59.5150684931507,875
"388","Ann Arbor","MI","1991",42.2808256,-83.7430378,"DTW",60.2438356164384,656
"389","Ann Arbor","MI","1992",42.2808256,-83.7430378,"YIP",55.8415300546448,305
"390","Ann Arbor","MI","1994",42.2808256,-83.7430378,"YIP",57.5342465753425,266
"391","Ann Arbor","MI","1995",42.2808256,-83.7430378,"YIP",57.2082191780822,286
"392","Ann Arbor","MI","1996",42.2808256,-83.7430378,"YIP",56.5546448087432,261
"393","Ann Arbor","MI","1997",42.2808256,-83.7430378,"DTW",56.4767123287671,362
"394","Ann Arbor","MI","1998",42.2808256,-83.7430378,"YIP",61.9808219178082,303
"395","Ann Arbor","MI","1999",42.2808256,-83.7430378,"DTW",60.0575342465753,352
"396","Ann Arbor","MI","2000",42.2808256,-83.7430378,"ARB",56.1734317343173,301
"397","Ann Arbor","MI","2001",42.2808256,-83.7430378,"ARB",58.8438356164384,299
"398","Ann Arbor","MI","2002",42.2808256,-83.7430378,"DTW",59.3150684931507,580
"399","Ann Arbor","MI","2003",42.2808256,-83.7430378,"YIP",56.8958904109589,613
"400","Ann Arbor","MI","2004",42.2808256,-83.7430378,"DTW",58.2103825136612,596
"401","Ann Arbor","MI","2005",42.2808256,-83.7430378,"ARB",57.7534246575342,552
"402","Ann Arbor","MI","2006",42.2808256,-83.7430378,"YIP",60.0383561643836,472
"403","Ann Arbor","MI","2007",42.2808256,-83.7430378,"ARB",58.6767123287671,409
"404","Ann Arbor","MI","2008",42.2808256,-83.7430378,"ARB",57.6393442622951,401
"405","Ann Arbor","MI","2009",42.2808256,-83.7430378,"ARB",57.3972602739726,466
"406","Ann Arbor","MI","2010",42.2808256,-83.7430378,"ARB",59.4465753424658,266
"407","Ann Arbor","MI","2011",42.2808256,-83.7430378,"ARB",58.4710743801653,356
"408","Ann Arbor","MI","2012",42.2808256,-83.7430378,"ARB",62.4836065573771,227
"409","Anne Arundel County","MD","2009",NA,NA,"ANP",63.1643835616438,2485
"410","Anne Arundel County","MD","2010",NA,NA,"ANP",64.6054794520548,2668
"411","Anne Arundel County","MD","2011",NA,NA,"ANP",65.6520547945206,2693
"412","Antioch","CA","1985",38.0049214,-121.805789,"SUU",70.7561643835616,299
"413","Antioch","CA","1986",38.0049214,-121.805789,"SUU",72.8712328767123,370
"414","Antioch","CA","1987",38.0049214,-121.805789,"SUU",71.9123287671233,711
"415","Antioch","CA","1988",38.0049214,-121.805789,"SUU",73.2459016393443,529
"416","Antioch","CA","1989",38.0049214,-121.805789,"SUU",71.1698630136986,254
"417","Antioch","CA","1990",38.0049214,-121.805789,"SUU",73.0904109589041,573
"418","Antioch","CA","1991",38.0049214,-121.805789,"SUU",71.7041095890411,651
"419","Antioch","CA","1992",38.0049214,-121.805789,"CCR",73.0355191256831,191
"420","Antioch","CA","1993",38.0049214,-121.805789,"CCR",71.4986301369863,607
"421","Antioch","CA","1994",38.0049214,-121.805789,"CCR",71.172602739726,519
"422","Antioch","CA","1995",38.0049214,-121.805789,"CCR",71.8131868131868,526
"423","Antioch","CA","1996",38.0049214,-121.805789,"CCR",73.5819672131148,594
"424","Antioch","CA","1997",38.0049214,-121.805789,"CCR",73.9150684931507,684
"425","Antioch","CA","1998",38.0049214,-121.805789,"CCR",69.6164383561644,615
"426","Antioch","CA","1999",38.0049214,-121.805789,"CCR",70.8904109589041,527
"427","Antioch","CA","2000",38.0049214,-121.805789,"CCR",71.8450184501845,553
"428","Antioch","CA","2001",38.0049214,-121.805789,"CCR",72.5232876712329,657
"429","Antioch","CA","2002",38.0049214,-121.805789,"CCR",71.9205479452055,577
"430","Antioch","CA","2003",38.0049214,-121.805789,"CCR",72.3068493150685,577
"431","Antioch","CA","2004",38.0049214,-121.805789,"CCR",72.3633879781421,514
"432","Antioch","CA","2005",38.0049214,-121.805789,"CCR",71.8876712328767,619
"433","Antioch","CA","2006",38.0049214,-121.805789,"CCR",71.8684931506849,818
"434","Antioch","CA","2007",38.0049214,-121.805789,"CCR",72.8082191780822,1068
"435","Antioch","CA","2008",38.0049214,-121.805789,"CCR",73.103825136612,875
"436","Antioch","CA","2009",38.0049214,-121.805789,"CCR",72.8876712328767,897
"437","Antioch","CA","2010",38.0049214,-121.805789,"CCR",71.3534246575342,864
"438","Antioch","CA","2011",38.0049214,-121.805789,"CCR",71.2767123287671,714
"439","Antioch","CA","2012",38.0049214,-121.805789,"CCR",72.672131147541,860
"440","Arlington","TX","1985",32.735687,-97.1080656,"DFW",74.6931506849315,1951
"441","Arlington","TX","1986",32.735687,-97.1080656,"DFW",75.4438356164383,2157
"442","Arlington","TX","1987",32.735687,-97.1080656,"DFW",75.2958904109589,2129
"443","Arlington","TX","1988",32.735687,-97.1080656,"DFW",76.5928961748634,1876
"444","Arlington","TX","1989",32.735687,-97.1080656,"DFW",74.5616438356164,2108
"445","Arlington","TX","1990",32.735687,-97.1080656,"DFW",76.7835616438356,2056
"446","Arlington","TX","1991",32.735687,-97.1080656,"DFW",75.4328767123288,2420
"447","Arlington","TX","1992",32.735687,-97.1080656,"DFW",75.0409836065574,1859
"448","Arlington","TX","1993",32.735687,-97.1080656,"DFW",74.3698630136986,1110
"449","Arlington","TX","1994",32.735687,-97.1080656,"DFW",75.4109589041096,1450
"450","Arlington","TX","1995",32.735687,-97.1080656,"DFW",75.6712328767123,1412
"451","Arlington","TX","1996",32.735687,-97.1080656,"DFW",72.2377049180328,1388
"452","Arlington","TX","1997",32.735687,-97.1080656,"DFW",73.8602739726027,1550
"453","Arlington","TX","1998",32.735687,-97.1080656,"DFW",77.7232876712329,1863
"454","Arlington","TX","1999",32.735687,-97.1080656,"GPM",93,1893
"455","Arlington","TX","2000",32.735687,-97.1080656,"GPM",77.1792452830189,2369
"456","Arlington","TX","2001",32.735687,-97.1080656,"GPM",74.345205479452,2259
"457","Arlington","TX","2002",32.735687,-97.1080656,"GPM",73.345205479452,2443
"458","Arlington","TX","2003",32.735687,-97.1080656,"GPM",75.7917808219178,2576
"459","Arlington","TX","2004",32.735687,-97.1080656,"GPM",73.7978142076503,2478
"460","Arlington","TX","2005",32.735687,-97.1080656,"GPM",76.6301369863014,1925
"461","Arlington","TX","2006",32.735687,-97.1080656,"GPM",79.1369863013699,1874
"462","Arlington","TX","2007",32.735687,-97.1080656,"GPM",75.0027397260274,1909
"463","Arlington","TX","2008",32.735687,-97.1080656,"GPM",77.5983606557377,2262
"464","Arlington","TX","2009",32.735687,-97.1080656,"GPM",76.9013698630137,2330
"465","Arlington","TX","2010",32.735687,-97.1080656,"GPM",76.9561643835616,2202
"466","Arlington","TX","2011",32.735687,-97.1080656,"GPM",79.6383561643836,2588
"467","Arlington","TX","2012",32.735687,-97.1080656,"GPM",78.5628415300546,2728
"468","Arlington County","VA","1985",NA,NA,"DCA",65.9424657534247,761
"469","Arlington County","VA","1986",NA,NA,"DCA",65.2684931506849,761
"470","Arlington County","VA","1987",NA,NA,"DCA",66.1287671232877,676
"471","Arlington County","VA","1988",NA,NA,"DCA",64.6885245901639,727
"472","Arlington County","VA","1989",NA,NA,"DCA",64.3561643835616,791
"473","Arlington County","VA","1990",NA,NA,"DCA",68.2876712328767,792
"474","Arlington County","VA","1991",NA,NA,"DCA",68.2575342465753,587
"475","Arlington County","VA","1992",NA,NA,"DCA",63.6147540983607,545
"476","Arlington County","VA","1993",NA,NA,"DCA",65.4356164383562,321
"477","Arlington County","VA","1994",NA,NA,"DCA",66.6191780821918,325
"478","Arlington County","VA","1995",NA,NA,"DCA",65.9260273972603,704
"479","Arlington County","VA","1996",NA,NA,"DCA",64.1010928961749,305
"480","Arlington County","VA","1997",NA,NA,"DCA",66.2301369863014,600
"481","Arlington County","VA","2009",NA,NA,"DCA",65.4904109589041,707
"482","Arlington County","VA","2010",NA,NA,"DCA",68.3424657534247,770
"483","Arlington County","VA","2011",NA,NA,"DCA",68.345205479452,671
"484","Arlington County","VA","2012",NA,NA,"DCA",70.1994535519126,325
