Agency,State,1985,1986,1987,1988,1989,1990,1991,1992,1993,1994,1995,1996,1997,1998,1999,2000,2001,2002,2003,2004,2005,2006,2007,2008,2009,2010,2011,2012,
Birmingham Police Dept,AL,3350,3769,3532,3419,4020,4193,6908,6144,6678,6625,6649,4416,3785,3147,2843,2947,3027,3187,3347,3261,3449,3175,3320,3249,2812,,3163,3237, 
Huntsville Police Dept,AL,684,787,761,910,848,889,,1515,2171,1802,1275,1339,1408,1245,1492,1244,1039,961,988,1109,1220,1439,1379,1222,1164,1182,1518,1696, 
Jefferson County Sheriff Department,AL,1242,1303,1253,1131,1061,1311,1108,1181,1096,831,802,707,667,532,527,534,560,376,393,327,457,642,557,637,505,349,569,676, 
Madison County Sheriff Department,AL,43,62,64,74,144,164,132,181,220,253,225,236,247,170,174,204,194,165,155,200,230,284,216,224,323,308,194,286, 
Mobile County Sheriff Department,AL,229,187,269,,391,459,,,350,419,384,312,359,363,287,293,265,354,301,214,196,190,245,223,,250,241,231, 
Mobile Police Dept,AL,2177,3525,2972,3184,3553,5898,6492,2301,2220,2297,2291,2185,1873,1508,1288,1496,1529,1376,1300,1170,1165,1167,1144,1204,1994,1702,1619,1314, 
Montgomery Police Dept,AL,546,395,329,456,693,967,1711,1485,1695,1889,1409,1589,1781,1498,1583,1563,1456,1475,1307,1330,1641,1184,1157,883,871,797,707,827, 
Anchorage Police Dept,AK,1184,1198,1025,1122,1131,1330,1669,1971,2213,2478,2510,2078,1889,1632,1683,1524,1748,1721,1744,2164,2031,2592,2405,2647,2488,2432,2388,2479, 
Chandler Police Dept,AZ,207,256,251,199,244,290,276,263,276,294,403,428,385,336,360,445,521,519,624,716,826,959,823,801,740,691,681,628, 
Gilbert Police Dept,AZ,28,20,17,48,42,112,106,107,128,143,197,222,,80,104,123,129,184,172,160,215,254,236,239,198,206,178,205, 
Glendale Police Dept,AZ,806,922,1134,980,1011,1076,1191,1158,1425,1249,1400,1221,1171,1078,1226,1308,1214,1353,1270,1406,1409,1539,1508,1330,1147,963,1114,1145, 
Maricopa County Sheriff Department,AZ,650,753,531,471,309,287,368,408,509,580,578,515,595,689,635,693,513,628,611,585,,850,989,1018,992,989,884,919, 
Mesa Police Dept,AZ,1121,1208,1293,1396,1400,1724,2058,2054,2335,2364,2638,2459,2554,2413,2132,2393,2516,2887,2346,2500,2280,2084,2224,2289,2000,1790,1838,1804, 
Peoria Police Dept,AZ,108,67,107,88,171,233,270,277,298,181,175,157,198,206,236,265,340,282,368,307,289,317,355,315,319,282,301,296, 
Phoenix Police Dept,AZ,7521,9238,8181,8477,8481,10665,11010,10907,11911,11627,11590,10529,10376,10201,10199,9754,10532,10223,9722,9465,10691,11195,11158,10465,8730,8001,8089,9458, 
Pima County Sheriff Department,AZ,506,828,,749,827,735,596,708,701,822,935,915,958,862,766,811,828,751,799,730,768,783,606,674,635,644,607,661, 
Pinal County Sheriff Department,AZ,258,298,218,266,,191,194,153,215,260,,227,,,,566,573,742,203,215,289,298,290,198,214,200,227,173, 
Scottsdale Police Dept,AZ,263,302,262,245,260,280,330,362,397,427,458,445,,399,392,571,619,483,493,468,465,505,438,423,410,353,400,329, 
Surprise Police Dept,AZ,6,5,0,3,,14,22,25,19,13,7,4,90,,70,90,72,75,,93,84,106,154,115,111,106,131,162, 
Tempe Police Dept,AZ,,645,674,713,636,745,821,797,831,934,833,871,868,999,872,978,937,1240,1013,980,1060,1094,916,856,922,779,787,878, 
Tucson Police Dept,AZ,3713,3644,3523,3527,,3680,3896,4327,4363,4882,5427,5199,5116,4834,4307,4542,4823,4709,4709,4873,5048,4580,4103,4252,3560,3331,3440,3851, 
Little Rock Police Dept,AR,2622,3001,2911,3119,3714,3611,5291,5299,5887,5352,3699,2757,2363,2077,1845,1887,1873,2411,2858,3048,3293,3324,2987,2353,2800,2945,2905,2579, 
Anaheim Police Dept,CA,1162,1357,1274,1442,1651,1802,1942,1748,1950,2644,2475,2071,1964,1518,1639,1413,1316,1389,1319,1530,1616,1524,1423,1312,1184,1161,1281,1279, 
Antioch Police Dept,CA,191,299,254,370,711,615,573,651,529,577,577,514,619,607,519,526,594,684,714,527,553,657,860,875,897,864,818,1068, 
Bakersfield Police Dept,CA,1202,1629,1890,1760,1790,1695,1710,1682,1871,1950,1298,1122,1118,1018,859,716,840,1071,1514,1948,1706,1575,1961,2077,2099,2104,1866,1929, 
Berkeley Police Dept,CA,1164,1279,1174,1195,1137,1558,1551,1655,1631,1394,1253,1087,965,938,842,754,742,729,926,557,570,646,639,652,615,533,482,487, 
Burbank Police Dept,CA,331,337,365,408,344,443,531,567,492,455,503,456,351,285,311,297,330,273,283,262,246,252,274,235,253,221,191,243, 
Carslbad Police Dept,CA,167,278,267,313,278,383,402,406,356,390,326,293,297,218,201,179,197,210,266,270,256,329,318,227,287,195,210,265, 
Chula Vista Police Dept,CA,489,807,1115,1072,1086,1213,1521,1256,1083,1228,1087,1094,1096,1169,1024,846,929,891,776,838,927,947,921,832,747,663,670,581, 
City Of Murrieta Police Dept,CA,,,,,,,,,49,53,59,66,55,51,78,69,87,61,64,90,122,113,118,89,118,99,105,70, 
Concord Police Dept,CA,406,463,467,478,503,583,612,716,601,665,662,646,770,657,636,472,498,428,398,393,508,520,492,425,397,551,430,402, 
Contra Costa County Sheriff Department,CA,528,538,514,522,547,609,816,779,729,737,661,635,654,756,564,629,647,469,554,500,637,587,666,548,428,449,456,472, 
Corona Police Dept,CA,190,200,292,355,473,622,510,412,485,645,745,609,882,388,295,326,324,349,280,269,321,328,340,283,214,199,200,210, 
Costa Mesa Police Dept,CA,456,362,379,488,669,780,743,467,444,440,439,375,371,293,319,275,390,270,304,284,306,306,258,350,304,240,231,254, 
Daly City Police Dept,CA,254,281,245,202,358,363,440,403,548,355,346,328,300,328,258,328,351,302,344,318,286,289,293,283,240,250,184,216, 
Downey Police Dept,CA,326,383,317,442,570,528,534,569,517,615,577,590,471,435,381,340,433,437,505,449,448,451,516,451,444,394,390,381, 
El Cajon Police Dept,CA,285,447,475,523,588,613,805,834,833,899,976,877,793,785,573,626,621,543,556,545,518,473,494,528,461,387,529,365, 
El Dorado County Sheriff Department,CA,143,299,126,172,167,182,305,295,330,324,321,314,363,420,370,320,315,268,233,290,325,410,236,235,312,256,192,241, 
El Monte Police Dept,CA,1085,1651,1228,1317,1770,1317,1466,1524,1387,1340,1395,1282,1114,1133,988,1070,749,748,730,794,711,628,686,800,716,600,421,395, 
Escondido Police Dept,CA,281,476,492,495,703,938,1135,928,730,935,880,819,839,725,607,669,576,608,591,676,692,713,657,567,629,597,495,628, 
Fairfield Police Dept,CA,264,423,461,613,609,743,630,772,801,795,823,677,686,605,476,541,508,578,621,754,585,654,632,546,437,502,425,454, 
Fontana Police Dept,CA,328,531,710,680,913,1003,1202,1415,1390,1372,1527,1347,1038,829,803,899,910,913,897,791,734,863,896,868,859,759,720,850, 
Fremont Police Dept,CA,614,730,1090,832,705,762,645,620,892,1155,1214,812,743,677,423,387,399,390,433,454,521,569,606,575,490,488,384,306, 
Fresno County Sheriff Department,CA,917,1040,1268,1325,1441,1436,1417,1413,1471,1789,1727,1357,1615,1657,1397,1282,1434,611,771,870,872,612,618,652,774,727,740,825, 
Fresno Police Dept,CA,2311,3426,3373,3997,4289,4399,4608,5363,5511,6199,5659,5461,4782,4254,4008,3843,4096,3780,3505,3496,3897,3524,3043,2782,2933,3034,2915,2748, 
Fullerton Police Dept,CA,416,437,468,538,559,750,744,675,623,543,490,485,437,429,317,312,369,361,363,391,390,469,467,410,526,425,306,452, 
Garden Grove Police Dept,CA,823,1047,962,909,856,1012,1002,997,917,1022,924,846,810,723,709,726,799,792,732,658,745,695,645,609,541,539,449,439, 
Glendale Police Dept,CA,479,548,634,482,603,764,683,716,671,678,765,721,694,558,529,726,442,495,363,270,350,368,375,351,302,277,258,233, 
Hayward Police Dept,CA,671,779,632,744,814,834,952,1037,1299,1496,855,818,790,779,871,774,541,600,600,588,641,776,881,868,741,652,579,613, 
Huntington Beach Police Dept,CA,466,585,532,572,620,798,644,861,877,651,566,611,643,541,396,378,343,339,411,421,466,407,376,388,377,449,406,313, 
Inglewood Police Dept,CA,1891,1870,1903,1833,2138,2600,2721,2621,2300,1968,1981,1943,1631,1489,1349,1376,1323,925,1091,920,1057,1051,1036,986,1039,843,808,780, 
Irvine Police Department,CA,120,132,114,144,198,148,131,146,141,165,213,274,220,218,168,221,133,161,144,135,151,126,143,129,153,120,120,110, 
Kern County Sheriff Department,CA,1715,2171,2280,2133,2003,2189,2718,3416,2558,2597,2452,2447,2473,2269,2154,2091,1983,1918,1809,1883,1691,1915,1918,1891,2001,1977,1822,2179, 
Lancaster,CA,311,457,585,820,1027,1076,1070,1382,1460,1445,1320,1383,1529,1339,1116,1176,1163,1362,1270,1091,1186,1274,1311,1190,976,900,851,859, 
Long Beach Police Dept,CA,4134,4839,4660,5153,7169,8403,9209,6925,7116,6324,5649,5069,4207,3697,3257,3216,3413,3626,3579,3755,3399,3420,3426,3158,3161,2720,2857,2705, 
Los Angeles County Sheriff Department,CA,,,,,,,,,,,,,,,9015,9401,7997,8504,7971,7201,7459,7290,7784,7362,6540,6497,5595,5458, 
Los Angeles Police Dept,CA,52832,66378,63833,66736,77297,83809,89875,88919,83701,73102,70518,62840,56538,49201,46840,50241,52243,51695,48824,42786,31767,30526,27806,26553,24070,21484,20045,18547, 
Modesto Police Dept,CA,557,706,713,882,1030,1056,1006,1145,1442,1593,1368,1267,1253,1110,992,967,1161,1013,1409,1291,1316,1418,1490,1439,1419,1398,1413,1590, 
Monterey County Sheriff Department,CA,287,267,323,392,283,271,242,226,289,253,255,151,156,172,218,256,262,226,222,259,201,239,219,187,203,228,197,199, 
Moreno Valley,CA,,,,,,1368,1448,1494,1682,1422,1302,1192,1232,1204,952,1132,1201,1243,810,803,757,968,1024,1082,921,724,732,706, 
Norwalk,CA,649,730,791,854,950,1288,1421,1281,1189,1171,1089,1176,1097,866,719,651,801,746,690,547,473,567,607,520,456,449,371,433, 
Oakland Police Dept,CA,6703,6985,6485,6049,5555,5845,9484,10140,9809,8330,,8168,8229,7008,5754,5038,5330,5661,5613,5151,5692,7599,7605,7905,6793,6267,6652,7963, 
Oceanside,CA,572,806,1027,1413,1296,1462,1612,1585,1499,1688,1545,1239,1116,1098,942,851,1070,1116,1090,1022,983,936,910,808,749,650,620,728, 
Ontario Police Dept,CA,1001,1362,1357,1258,2196,1701,1837,1555,1573,1578,1546,1425,1295,1075,1006,1126,1189,1048,904,990,866,1011,854,882,732,630,493,534, 
Orange County Sheriff Department,CA,602,806,817,830,762,806,828,554,628,630,622,539,425,333,280,303,265,212,210,246,242,244,178,163,219,187,251,258, 
Orange Police Dept,CA,455,501,443,480,476,526,571,532,556,619,583,562,533,505,475,334,352,277,262,239,225,298,266,220,160,150,157,135, 
Oxnard Police Dept,CA,718,1145,880,767,867,1205,1655,1623,1443,1514,1443,1382,1054,934,850,864,812,848,808,772,830,841,845,817,771,691,619,603, 
Palmdale,CA,267,295,413,603,677,849,891,1073,1236,1332,1157,1141,1246,1120,954,981,907,1155,920,996,1042,989,1043,876,818,832,785,812, 
Pasadena Police Dept,CA,1488,1375,1158,1425,1932,1735,1697,2028,1727,1716,1421,1178,1121,848,826,732,676,657,700,667,803,611,744,621,483,554,435,433, 
Placer County Sheriff Department,CA,339,628,644,291,406,375,389,408,377,361,344,331,298,192,246,186,117,156,152,150,127,234,255,296,315,298,301,278, 
Pomona Police Dept,CA,1912,1948,1845,2130,2148,2379,2302,2096,2353,1977,1721,1537,1678,1708,1446,1375,1537,1348,1217,1204,1235,1255,1235,1158,968,877,927,1021, 
Rancho Cucamonga,CA,166,214,395,397,560,394,451,500,393,314,366,370,357,269,268,257,297,279,308,263,372,362,376,395,342,340,293,321, 
Rialto Police Dept,CA,316,366,464,507,759,627,689,1260,1159,818,1075,597,507,494,588,654,763,890,973,994,804,708,747,558,542,497,480,509, 
Richmond Police Dept,CA,1960,2056,2242,2489,2600,2632,2524,2794,2863,2083,1975,1692,1668,1295,1225,1200,1015,1198,1078,1080,1174,1224,1220,1093,1095,1176,1035,1162, 
Riverside County Sheriff Department,CA,1874,3341,4464,5186,5190,3200,3231,3472,3522,3409,2556,2199,2297,2186,2071,2177,2244,2430,2374,2065,2147,2101,2243,1515,1225,1018,903,831, 
Riverside Police Dept,CA,1870,2166,2190,2635,2946,3085,3640,3493,3975,3949,3809,3169,2501,2245,2064,2006,2159,2026,1916,1777,1954,2014,1893,1922,1535,1448,1310,1389, 
Roseville Police Dept,CA,92,141,173,205,214,218,278,288,288,283,291,264,269,230,259,234,241,215,266,286,363,378,387,325,323,334,248,293, 
Sacramento County Sheriff Department,CA,2516,3389,3268,3524,3681,4695,4748,4723,4997,5707,5958,5067,5026,4177,3709,3914,3711,4318,4069,4241,4134,4857,3231,3282,3183,2902,2719,3047, 
Sacramento Police Dept,CA,3681,4238,3836,3582,3658,3978,4896,4674,4850,4698,4280,3707,3717,3376,3084,3117,3309,3547,3420,4730,5265,5556,5128,4660,4165,4112,3354,3520, 
Salinas Police Dept,CA,634,921,884,997,1011,1102,1107,1180,1469,1349,1508,1359,1326,1193,1155,1262,1269,1138,1200,1216,1030,1118,1154,1050,1133,1162,1115,1027, 
San Bernardino County Sheriff Department,CA,2575,2857,4118,4261,2357,2674,2319,2049,1680,1796,1513,1318,1284,1163,1072,1057,1141,1109,1136,1039,1057,1076,1286,1295,1165,1093,1081,988, 
San Bernardino Police Dept,CA,2248,2341,2425,2627,,,,5796,5566,4079,3928,3233,2884,2377,2020,2104,2397,2484,2864,2635,2510,2017,2150,2074,1908,1624,1861,2022, 
San Diego County Sheriff Department,CA,2005,2803,2844,2973,3254,3413,3999,4142,3767,4389,3971,3492,1601,1385,1260,1310,1505,1295,1272,1508,1589,1403,1699,1516,1592,1432,1397,1630, 
San Diego Police Dept,CA,6250,8522,9112,9171,10124,12047,13830,14792,13463,12599,11077,10148,9789,8744,7411,7160,7405,7193,7366,6774,6603,6391,6332,6047,5931,5616,5104,5529, 
San Francisco Police Dept,CA,9502,9506,9298,9667,10064,12388,12160,13676,13365,10837,10903,9886,8549,7337,6555,6499,,6059,5725,5757,5985,6533,6414,6744,5957,5747,5374,5777, 
San Joaquin County Sheriff Department,CA,462,512,531,550,557,624,562,565,673,624,547,444,481,534,594,675,842,999,926,888,879,995,1081,1085,1058,738,820,810, 
San Jose Police Dept,CA,3470,4020,4378,4689,4535,4698,5258,5427,5317,5915,6649,6075,6191,5155,5088,4928,5564,4134,3378,3379,3492,3561,3759,3643,3439,3215,3206,3547, 
San Luis Obispo County Sheriff Department,CA,144,164,210,199,226,244,247,254,269,611,684,296,317,289,213,219,228,156,156,197,210,201,239,210,199,241,208,219, 
San Mateo County Sheriff Department,CA,513,447,463,273,184,151,145,139,210,192,182,121,88,80,67,62,81,91,78,169,220,224,238,221,194,224,219,300, 
Santa Ana Police Dept,CA,1558,1723,1575,2021,2318,2663,3306,3230,3190,3079,2513,2231,2016,1730,1828,1829,1844,1930,1788,1858,1845,1998,1947,1726,1726,1510,1313,1334, 
Santa Barbara County Sheriff Department,CA,343,440,452,519,408,410,506,545,453,497,448,404,466,616,305,312,293,246,215,190,159,192,193,171,246,285,255,273, 
Santa Clara Police Dept,CA,278,262,388,365,428,400,440,461,459,532,523,433,455,419,262,292,282,311,253,239,190,180,231,231,168,182,177,221, 
Santa Clarita,CA,,,,,,679,809,755,776,792,678,596,605,525,488,335,315,305,304,362,336,392,372,417,427,375,262,342, 
Santa Cruz County Sheriff Department,CA,267,324,297,281,350,368,476,624,605,661,625,503,499,427,236,219,243,228,325,324,315,298,256,332,291,301,362,285, 
Santa Maria Police Dept,CA,223,237,282,372,343,379,423,491,513,392,399,422,404,454,316,310,330,,,660,601,742,604,622,735,771,716,690, 
Santa Rosa Police Dept,CA,356,423,444,399,517,616,670,707,632,610,683,663,643,584,522,546,507,625,998,1002,1021,891,771,751,803,767,682,636, 
Simi Valley Police Dept,CA,114,166,279,254,261,271,273,267,255,218,196,156,183,160,116,134,153,138,164,181,172,199,181,183,155,129,116,141, 
Sonoma County Sheriff Department,CA,318,474,489,478,483,532,480,574,628,500,609,556,551,487,384,437,424,442,,666,646,591,524,631,553,587,511,605, 
Stanislaus County Sheriff Department,CA,646,714,767,938,1105,1196,1239,1311,1615,1561,1562,1483,1518,1260,1263,1406,1069,868,925,882,980,847,779,522,507,414,323,418, 
Stockton Police Dept,CA,1561,2037,1821,2050,2368,2627,2773,3350,3500,3605,3187,3115,2692,2707,2808,2972,3296,3693,3625,3700,4202,4288,4216,4322,3703,4033,4155,4630, 
Sunnyvale Dept Of Public Safety,CA,224,226,242,274,230,257,272,273,300,313,254,231,214,192,200,191,180,192,172,161,232,184,154,184,169,169,150,170, 
Temecula,CA,,,,,,,205,188,216,230,192,188,193,165,190,206,240,216,222,207,269,277,207,151,126,74,95,97, 
Thousand Oaks,CA,127,230,312,,243,208,283,404,341,286,236,232,186,142,156,183,174,158,201,165,174,182,146,148,163,139,137,157, 
Torrance Police Dept,CA,635,698,612,775,835,863,957,884,862,745,691,632,567,464,443,465,409,484,402,269,320,354,343,306,259,290,185,190, 
Tulare County Sheriff Department,CA,646,914,873,940,878,1013,1109,644,731,817,794,688,660,628,554,613,417,573,630,575,558,460,488,514,553,521,517,638, 
Vallejo Police Dept,CA,623,1574,2357,1203,2091,1502,1610,1872,1623,1614,1631,1564,1617,1544,1297,1297,1159,1082,997,,,1206,1089,1100,998,822,903,878, 
Ventura Police Dept,CA,419,493,385,365,432,361,418,452,395,428,327,407,380,336,334,343,281,286,261,259,297,335,368,397,368,263,326,310, 
Victorville,CA,329,346,492,521,418,1199,419,623,437,511,389,408,377,333,315,331,323,301,323,389,435,560,660,683,783,681,686,676, 
Visalia Police Dept,CA,260,431,437,434,494,559,661,595,664,986,727,632,846,680,753,777,817,862,789,989,1055,871,667,675,648,578,486,544, 
West Covina Police Dept,CA,442,599,493,544,682,730,789,923,664,656,648,568,513,518,421,387,371,362,395,374,350,419,392,398,315,318,280,281, 
Alameda County Sheriff Department,CA,427,400,349,190,348,423,484,931,1382,1502,1331,687,671,527,540,652,495,547,513,461,505,545,683,728,637,698,725,651, 
Arvada Police Dept,CO,268,424,453,351,235,390,348,,262,332,267,205,,71,65,115,191,174,178,180,196,193,216,216,189,136,162,158, 
Aurora Police Dept,CO,2250,2868,2700,2625,2859,3191,3746,4064,4457,3661,1958,1629,1658,1496,1454,1513,1641,1827,1700,1739,1835,1857,1685,1621,1520,1449,1448,1433, 
Boulder Police Dept,CO,239,213,184,182,169,183,190,167,183,222,188,244,232,207,186,218,211,231,214,164,216,229,219,202,245,210,275,249, 
Colorado Springs,CO,1169,1555,1390,1293,1345,1184,1385,1542,1555,1503,1566,1595,1695,1931,1850,1642,1798,1920,1733,1615,1792,2143,1986,1990,1968,1961,1865,1968, 
Denver Police Dept,CO,4252,4650,3841,3634,3572,4205,5034,5303,5252,4706,4357,3832,3535,2916,2909,2885,3074,3104,3531,4490,4493,4324,3528,3359,3473,3387,3708,3871, 
Douglas County Sheriff Department,CO,30,60,30,65,96,60,57,53,72,56,62,123,144,99,69,,142,131,176,201,169,184,175,233,295,269,312,139, 
El Paso County,CO,140,181,213,203,201,261,276,260,,337,299,259,307,321,349,274,318,330,,800,874,1016,858,900,811,845,486,424, 
Fort Collins Police Dept,CO,331,442,363,343,301,381,426,,389,392,458,419,368,410,389,367,370,436,413,358,442,493,420,549,535,439,420,391, 
Jefferson County Sheriff Department,CO,161,162,132,135,129,137,142,170,122,124,208,158,131,105,136,117,112,198,333,302,250,251,254,250,176,183,127,148, 
Lakewood,CO,718,747,574,669,701,588,620,710,638,653,546,631,260,,300,433,492,435,505,662,675,708,621,728,694,618,615,676, 
Pueblo Police Dept,CO,850,985,969,1131,1196,1733,1610,1541,1735,1471,1367,1386,1303,1149,1092,982,808,725,817,666,686,628,725,,899,886,831,797, 
Thornton Police Dept,CO,92,108,130,71,93,223,213,274,,469,332,269,306,345,333,417,476,444,396,279,368,366,380,371,296,1056,695,332, 
Westminster Police Dept,CO,261,270,252,258,296,258,240,240,283,244,,,,248,164,,,,0,254,319,287,222,284,242,233,245,284, 
Centennial,CO,,,,,,,,,,,,,,,,,,153,184,200,217,180,180,127,149,160,162,157, 
Bridgeport Police Dept,CT,2194,1987,1810,2100,2682,2888,2860,2890,2540,1870,1585,2107,2410,1994,1820,1984,1910,1695,1366,1419,1508,1509,1603,1638,1527,1412,1447,1760, 
Hartford Police Dept,CT,2727,2969,2961,2975,3778,4107,3576,3107,2842,3162,2599,2132,1623,1651,1485,1490,1593,1547,1811,1514,1442,1530,1411,1503,1603,1624,1639,1655, 
New Haven Police Dept,CT,2169,2274,2191,2960,3169,3991,3525,3233,2544,2648,2229,2616,2344,2101,1917,1715,1915,1725,,,,2166,2288,2218,2195,1994,1748,1870, 
Stamford Police Dept,CT,499,816,535,525,576,491,567,493,537,636,511,441,457,436,373,287,271,280,271,305,358,395,342,390,351,351,389,351, 
Waterbury Police Dept,CT,409,449,474,566,570,656,845,818,586,566,526,657,550,774,585,546,546,583,481,454,434,408,390,384,375,366,359,328, 
New Castle County Police Department,DE,,,,,,,,,,,,,,,,,,1071,1343,1276,1383,1444,1522,1550,1223,1262,1122,1076, 
Washington Metropolitan Police Dept,DC,10171,9422,10016,11913,12936,14919,14665,16680,16888,15177,14745,13411,10706,8988,8448,8622,9928,9109,8839,7336,7716,8408,7924,8135,7587,7468,6985,7448, 
Alachua County Sheriff Department,FL,,,,,,,,,,,,,1177,1059,948,929,874,897,861,925,1027,1048,1041,878,772,596,581,583, 
Brevard County Sheriff Department,FL,,,,,,,,,,,,,1216,1092,1270,1190,1284,1304,1245,1185,1064,1120,1209,1089,1044,926,991,876, 
Cape Coral Police Dept,FL,,,,,,,,,,,,,193,248,247,213,346,389,312,328,361,406,402,363,332,276,235,229, 
Charlotte County Sheriff Department,FL,,,,,,,,,,,,,395,245,189,277,315,458,398,604,680,691,585,500,439,353,381,387, 
Citrus County Sheriff Department,FL,,,,,,,,,,,,,243,295,325,272,316,323,358,347,325,387,366,457,497,452,398,451, 
City Of Port St Lucie Police Dept,FL,,,,,,,,,,,,,211,233,240,217,254,270,281,241,287,340,421,387,421,386,371,395, 
Clay County Sheriff Department,FL,,,,,,,,,,,,,671,507,386,445,589,523,431,522,703,693,819,819,799,710,665,684, 
Clearwater Police Dept,FL,,,,,,,,,,,,,1033,1093,1037,865,1026,1123,1162,1022,993,862,868,991,924,775,801,727, 
Collier County Sheriff Department,FL,,,,,,,,,,,,,1242,1109,1258,1289,1278,1323,1367,1252,1279,1308,1297,1110,1000,977,956,785, 
Coral Springs Police Dept,FL,,,,,,,,,,,,,281,331,304,306,245,292,290,319,224,292,301,312,338,261,236,229, 
Jacksonville,FL,7301,8003,9577,,9449,11654,10645,11548,11417,10423,9596,9765,9437,8113,7265,8207,7388,7043,6729,6533,6600,6663,8146,8032,6772,5469,5182,5189, 
Escambia County Sheriff Department,FL,,,,,,,,,,,,,2378,2105,1835,1804,1676,1692,1493,1625,1963,1927,2032,2217,2248,1928,1782,1960, 
Fort Lauderdale Police Dept,FL,,,,,,,,,,,,,2504,1774,1571,1762,1681,1407,1352,1421,1503,1683,1523,1628,1481,1356,1565,1543, 
Gainesville Police Dept,FL,,,,,,,,,,,,,1159,1225,921,983,866,765,1004,896,973,1090,1122,1046,1156,906,912,851, 
Hernando County Sheriff Department,FL,,,,,,,,,,,,,645,557,670,719,767,794,884,803,641,613,653,576,550,592,495,437, 
Hialeah Police Dept,FL,,,,,,,,,,,,,2230,2038,1792,1669,1569,1500,1429,1354,1348,1263,1274,1149,925,951,860,810, 
Hillsborough County Sheriff Department,FL,,,,,,,,,,,,,4034,4066,4250,4415,4537,5049,5515,4840,4991,4947,4799,4927,3893,3136,2130,2152, 
Hollywood Police Dept,FL,,,,,,,,,,,,,1205,1083,945,1080,1043,1023,944,830,773,738,827,800,696,596,660,643, 
Lake County Sheriff Department,FL,,,,,,,,,,,,,627,727,1304,1122,805,691,681,848,905,929,776,897,711,595,562,452, 
Lee County Sheriff Department,FL,,,,,,,,,,,,,943,1066,1287,1243,1388,1500,1310,1539,1645,1808,2004,1665,1398,1347,1198,1241, 
Manatee County Sheriff Department,FL,,,,,,,,,,,,,1755,1716,1641,1744,1855,1697,1775,1914,2228,2394,2160,2130,1874,1533,1518,1512, 
Marion County Sheriff Department,FL,,,,,,,,,,,,,1229,1139,1164,1263,1296,1420,1340,1349,1468,1562,1493,1438,1386,1305,1292,1215, 
Martin County Sheriff Department,FL,,,,,,,,,,,,,377,410,384,382,392,497,456,440,496,524,476,401,402,362,300,339, 
Metro-Dade Police Department,FL,,,,,,,,,,,,,16995,14675,12628,12604,12309,11901,11583,9193,9263,9047,8614,8749,7815,6927,6913,6046, 
Miami Police Dept,FL,,,,,,,,,,,,,11018,9505,7861,7877,7210,7228,7157,6461,6134,5931,6119,5709,4983,4879,4849,4856, 
Miramar Police Dept,FL,,,,,,,,,,,,,392,367,349,356,417,453,373,451,486,555,598,547,524,540,514,537, 
Okaloosa County Sheriff Department,FL,,,,,,,,,,,,,581,644,314,377,381,408,393,395,388,438,465,462,290,454,557,643, 
Orange County Sheriff Department,FL,,,,,,,,,,,,,5723,5293,5227,4931,5372,5311,5143,5305,6351,7341,7051,6991,5885,5396,5325,4918, 
Orlando Police Dept,FL,,,,,,,,,,,,,4240,4088,3922,3926,3685,3619,3322,3562,3801,4300,4269,3829,2814,2574,2591,2508, 
Osceola County Sheriff Department,FL,,,,,,,,,,,,,557,526,572,617,563,567,666,604,677,789,849,799,954,885,866,752, 
Palm Bay Police Dept,FL,,,,,,,,,,,,,514,629,669,698,739,693,576,504,482,601,617,539,532,521,601,553, 
Palm Beach County Sheriff Department,FL,,,,,,,,,,,,,3873,3777,3372,3236,3344,3227,2931,3054,2794,3057,2997,2895,2656,2232,2122,2158, 
Pasco County Sheriff Department,FL,,,,,,,,,,,,,1027,1154,1293,1456,1448,1321,1400,1321,1236,1402,1582,1497,1443,1292,1190,1256, 
Pembroke Pines Police Dept,FL,,,,,,,,,,,,,335,295,290,402,350,378,394,401,353,363,390,400,300,276,310,238, 
Pinellas County Sheriff Department,FL,,,,,,,,,,,,,1385,1252,1173,1271,1377,1208,1138,1051,1130,1259,1305,1271,1149,1119,1018,926, 
Polk County Sheriff Department,FL,,,,,,,,,,,,,2189,2023,1718,1657,1628,1407,1546,1451,1480,1671,1676,1525,1511,1308,1288,1140, 
Pompano Beach Police Dept,FL,,,,,,,,,,,,,1507,1212,969,878,883,784,707,1126,1382,1367,1310,1208,1029,992,917,1060, 
Santa Rosa County Sheriff Department,FL,,,,,,,,,,,,,600,543,367,330,384,357,297,345,240,306,309,247,211,222,199,215, 
Sarasota County Sheriff Department,FL,,,,,,,,,,,,,684,593,704,789,887,789,798,763,725,737,772,739,717,697,769,638, 
Seminole County Sheriff Department,FL,,,,,,,,,,,,,532,754,749,772,776,683,599,599,623,592,627,735,725,585,621,583, 
St. John County Sheriff Department,FL,,,,,,,,,,,,,481,540,431,438,418,,459,508,494,533,537,545,476,494,517,485, 
St. Petersburg Police Dept,FL,,,,,,,,,,,,,5258,4672,4010,4029,4376,4423,4054,4051,3937,3753,3830,3368,3334,2758,2532,2239, 
Tallahassee Police Dept,FL,,,,,,,,,,,,,2106,1788,1952,1824,1809,1617,1412,1525,1646,1615,1813,1908,1647,1802,1661,1582, 
Tampa Police Dept,FL,,,,,,,,,,,,,7988,7543,6603,6381,6616,6289,5733,5178,4707,3839,3575,2975,2597,2170,2228,2162, 
Volusia County Sheriff Department,FL,,,,,,,,,,,,,1029,1116,1192,1279,1281,1243,1052,1018,935,872,943,1044,848,931,714,780, 
West Palm Beach Police Dept,FL,,,,,,,,,,,,,1355,1570,1354,1210,1123,1190,1161,1234,1221,1174,1158,967,905,789,769,821, 
Athens-Clarke County Police Department,GA,,,,,,,,,,,,,696,506,,,,,,,,,,,471,371,417,455, 
Atlanta Police Dept,GA,11610,13162,12893,15911,16852,16097,16289,15856,16281,14684,14744,13699,12830,12624,11226,11583,10808,9969,8490,7921,7213,7548,8075,7403,6359,5749,6097,6027, 
Cherokee County Sheriff Department,GA,105,,,103,287,258,114,96,129,117,105,96,121,,135,123,127,141,,,93,,87,127,108,133,107,117, 
Clayton County Police Department,GA,,,498,628,788,772,709,683,857,808,712,741,643,594,619,691,,,,,,,,,1145,1031,1060,1157, 
Cobb County Police Department,GA,,,,,,,,,,,,,,,,,,,,,,,,,1105,,934,974, 
Columbia County Sheriff Department,GA,63,69,83,117,,,,,134,,92,76,78,101,,95,71,66,63,,89,,,93,119,72,94,68, 
Columbus Police Dept,GA,878,798,699,890,882,1036,934,860,1163,1008,983,890,963,792,991,1071,991,831,837,904,992,1187,1316,1274,1153,1005,933,994, 
Dekalb County Public Safety Department,GA,,,,,,,,,,,,,,,,,,,,,,,,,3582,3478,3159,3420, 
Forsyth County Sheriff Department,GA,43,37,,55,82,92,175,121,197,181,199,217,220,339,220,277,264,215,246,250,209,89,121,121,86,202,363,, 
Gwinnett County Police Department,GA,438,558,621,606,711,937,702,709,637,721,1070,1019,928,1001,1470,1067,,,,,,,,,1994,1685,1495,1578, 
Hall County Sheriff Department,GA,186,175,,226,,233,229,230,232,239,255,303,342,255,228,,303,225,228,237,237,210,225,236,201,187,154,187, 
Henry Police Dept,GA,,,,,,,,,,,,,,,,,,,,,,,,,248,286,272,286, 
Paulding County Sheriff Department,GA,61,,64,65,78,65,45,,42,36,48,65,119,164,,151,148,185,203,,200,168,191,189,189,152,141,188, 
Richmond,GA,,,,,,,,,,,,,,,,,798,801,1039,830,1019,1036,1007,1124,1051,1084,990,879, 
Savannah Police Dept,GA,1064,1199,1040,968,1070,1491,1737,1494,1417,1486,1390,1417,1173,1100,1240,1415,1538,1189,1073,1105,,,,,1128,843,889,878, 
Honolulu Police Dept,HI,1801,2076,2258,2186,,2412,2058,2382,2501,2528,2882,2748,2636,2342,2198,2302,2453,2601,2606,2507,2570,2745,2613,2575,2537,2548,,, 
Maui Police Department,HI,265,243,332,335,345,262,239,279,205,232,250,265,322,289,268,271,,,,,,,,,333,295,,411, 
Ada County Sheriff Department,ID,111,133,102,117,103,93,103,116,136,117,150,91,115,126,130,126,115,130,110,143,,81,167,172,168,120,122,128, 
Boise Police Dept,ID,384,418,445,391,425,476,455,520,617,506,645,510,540,587,509,663,633,682,645,754,749,782,655,558,590,544,510,567, 
Aurora Police Dept,IL,,,,,,,,,,,,,,,,,,,,,,,,,,634,636,563, 
Chicago Police Dept,IL,,,,,,,,,,,,,,,,,,,,,,,,,,,,, 
Cook County Sheriff Department,IL,,,,,,,,,,,,,,,,,,,,,,,,,,359,313,267, 
Elgin Police Dept,IL,,,,,,,,,,,,,,,,,,,,,,,,,,355,287,257, 
Joliet,IL,,,,,,,,,,,,,,,,,,,,,,,,,,543,517,506, 
Lake County Sheriff Department,IL,,,,,,,,,,,,,,,,,,,,,,,,,,84,61,68, 
Naperville Police Dept,IL,,,,,,,,,,,,,,,,,,,,,,,,,,126,112,119, 
Peoria Police Dept,IL,,,,,,,,,,,,,,,,,,,,,,,,,,879,814,919, 
Rockford Police Dept,IL,,,,,,,,,,,,,,,,,,,,,,1860,2121,2212,2074,2283,2106,2083, 
Springfield Police Dept,IL,,,,,,,,,,,,,,,,,,,,,,,,,,1452,1278,1138, 
Will County Sheriff Department,IL,,,,,,,,,,,,,,,,,,,,,,,,,,179,134,154, 
Elkhart County Sheriff Department,IN,101,204,241,241,255,275,393,402,,438,460,493,564,43,38,149,75,92,48,55,60,52,59,58,62,42,37,46, 
Evansville Police Dept,IN,684,699,635,656,738,927,788,685,772,785,724,780,750,528,472,623,707,662,1393,460,478,540,522,462,432,493,491,560, 
Fort Wayne Police Dept,IN,808,747,,1086,1064,1326,1098,977,1027,982,931,1069,1014,836,923,820,1072,846,772,657,732,708,762,816,876,746,785,931, 
Indianapolis Police Dept,IN,4622,4307,4543,5635,5859,6224,7072,6814,6292,6467,5707,7418,7852,8624,7714,6843,7428,7518,7067,7067,7948,7689,9841,9735,9759,9646,9170,9942, 
Marion County Sheriff Department,IN,643,522,599,729,596,887,894,1016,929,884,748,1313,987,,,,,,,,,,,,,,,, 
South Bend Police Dept,IN,666,820,710,724,,,,1077,1159,1241,980,1022,881,784,784,797,888,820,768,762,794,805,805,819,769,746,744,622, 
St. Joseph County Sheriff Department,IN,228,87,73,50,53,77,60,48,60,89,67,73,68,47,51,84,86,73,87,77,84,88,119,107,127,116,131,122, 
Cedar Rapids Police Dept,IA,172,233,189,159,243,245,,,,,,392,,,382,353,409,429,398,372,419,412,503,448,403,386,358,356, 
Davenport Police Dept,IA,1058,1040,833,859,940,1028,,1404,1545,1651,1770,1312,1261,1377,1376,1611,1526,1544,1210,1338,1329,952,825,794,740,868,652,604, 
Des Moines Police Dept,IA,1117,1290,1118,1450,1283,1406,,976,903,839,1005,927,965,948,751,717,751,782,699,1082,1228,1306,1514,1360,1081,1084,1069,1094, 
City Of Overland Park Police Dept,KS,190,172,,235,253,277,312,290,,,,,,,,,123,251,,330,494,332,311,305,308,289,289,285, 
Kansas City Police Dept,KS,2119,2394,2377,2251,2358,2890,2790,2646,,,,,,,,,,,,1014,1166,1245,1149,,940,823,947,877, 
Olathe Police Dept,KS,120,166,195,223,257,262,316,364,,,,,,,,292,295,319,,314,336,288,633,613,264,216,226,191, 
Topeka Police Dept,KS,694,800,881,888,980,1162,1426,1627,,,1507,1502,1576,1539,1108,1278,1075,989,728,636,682,669,719,609,715,695,698,772, 
Wichita Police Dept,KS,1672,1531,1566,1655,2302,2189,2672,2754,2743,2350,2185,2372,2631,2190,1927,2081,2443,2368,2229,2887,2630,3325,3391,3097,3255,3038,2950,2869, 
Louisville Metro,KY,,,,,,,,,,,,,,,,,,,,3280,3896,3836,4238,4306,3769,3734,4086,3989, 
Lexington-Fayette County Police Department,KY,1121,1275,1037,,1386,1770,1802,1977,2160,2328,2099,1998,1928,1774,1913,1888,1583,1429,1242,1306,1476,1712,1790,1780,1760,1724,1358,1066, 
Louisville Police Dept,KY,1945,2365,2695,,2558,2281,2245,2967,2724,2776,3260,3385,3074,2474,2216,2039,1915,2037,,,,,,,,,,, 
Baton Rouge Police Dept,LA,4331,5091,4297,3954,3914,4335,5452,6166,6822,5551,6551,3398,2791,2493,2233,2571,2547,2670,2839,2444,2698,2954,2615,2690,2823,2534,2468,2507, 
East Baton Rouge Parish Sheriff Dept,LA,642,754,625,591,657,555,723,947,833,754,576,686,737,693,675,633,625,581,638,606,776,961,925,766,682,539,536,371, 
Jefferson Parish Sheriff Department,LA,,,,,,,,,,,,,,,2589,2594,2365,2313,2304,2493,,2580,2616,2243,2346,1870,1809,1651, 
Lafayette Police Dept,LA,1119,1158,951,750,775,872,944,874,895,1029,1022,845,987,911,816,856,1045,1043,1063,1020,991,1142,1293,1276,1115,940,843,779, 
Livingston Parish Sheriff Department,LA,,102,66,202,207,261,176,123,119,150,137,234,225,259,256,225,,215,304,190,276,260,490,175,658,202,270,370, 
New Orleans Police Dept,LA,8222,9165,7678,8923,10203,11227,10969,10007,10024,9321,10876,11021,8404,6888,5931,5155,5877,4556,4596,4467,,2255,3451,2869,2614,2593,2748,2958, 
Shreveport Police Dept,LA,1750,2007,2126,2216,2346,2526,2517,2515,2570,2750,2592,2490,2510,2178,1968,1875,1929,2044,2056,2178,2249,2249,2198,1897,1776,1533,1544,1550, 
St. Tammany Parish Sheriff Department,LA,402,417,367,339,377,422,331,420,424,415,452,370,325,333,305,273,275,309,372,428,424,453,411,401,358,275,270,261, 
Anne Arundel County Police Department,MD,,,,,,,,,,,,,,,,,,,,,,,,,2668,2693,2485,, 
Baltimore City Police Dept,MD,15498,15229,14295,14721,15618,17942,19032,21799,21945,20951,21492,19509,17416,16025,,16003,14799,13789,11183,11667,11248,10816,10182,10080,9664,9316,8886,8789, 
Baltimore County Police Department,MD,6775,6792,5544,6515,7237,6957,7618,7660,7451,7188,7663,7408,7298,6104,6067,,,,,,,,,,4534,4305,4250,4145, 
Charles County Sheriff Office,MD,259,287,416,445,536,561,654,576,508,557,682,608,690,589,665,656,735,856,742,712,715,695,787,741,666,658,539,536, 
Frederick County Sheriff Department,MD,11,8,11,85,115,119,75,134,73,74,93,126,61,55,73,79,87,149,168,173,143,134,286,238,189,204,218,182, 
Harford County Sheriff Office,MD,217,323,370,315,222,260,288,256,248,278,338,312,427,296,325,313,292,436,530,475,374,439,455,433,527,579,399,487, 
Howard County Police Department,MD,428,418,371,454,529,552,577,563,483,572,607,622,544,427,472,,,,,,,,,,744,558,597,574, 
Montgomery County Police Department,MD,1645,1630,1707,1884,1896,2089,2445,2328,2110,2146,2359,2165,2133,1838,1558,,,1942,2115,1934,2079,2155,2059,2087,2033,1699,1618,1795, 
Prince Georges County Police Department,MD,,,,,,,,,,,,,,,,,,,,,,,,,5338,4941,4075,3955, 
St. Marys County Sheriff Department,MD,253,214,223,267,245,359,344,322,299,249,245,265,262,210,209,200,225,253,241,232,262,233,270,268,271,280,228,210, 
Washington County Sheriff Department,MD,25,52,70,45,55,61,57,65,65,102,101,74,107,103,114,120,150,146,147,186,163,199,217,165,137,227,182,155, 
Boston Police Dept,MA,11887,12395,11954,12175,12919,13664,11829,11672,10843,10664,9569,9154,7886,7427,7263,7322,7361,6956,7173,6917,7479,7533,6837,6676,6192,5819,5252,5266, 
Cambridge Police Dept,MA,713,740,798,,855,1067,1006,872,925,778,796,649,571,599,544,520,470,497,513,503,494,458,424,414,500,476,479,431, 
Lowell Police Dept,MA,,,1227,,,,,,1231,1780,1528,1018,1042,1040,789,808,850,849,866,989,1009,920,875,1172,1167,1202,795,585, 
Springfield Police Dept,MA,1846,1840,2392,2596,2900,3412,2944,4547,2632,2538,2307,3424,4646,4106,2879,2791,3447,3103,2883,2794,2692,2260,2068,1898,1939,2093,1581,1606, 
Worcester Police Dept,MA,1521,1794,1463,1464,,,,1290,3569,1697,1782,1564,1712,1844,1758,1506,1422,1334,1543,1383,1391,1507,1534,1720,1802,1762,1800,1758, 
Ann Arbor Police Dept,MI,635,749,675,875,656,580,613,596,,552,472,409,401,466,362,303,352,301,299,266,356,348,298,305,266,286,261,227, 
Detroit Police Dept,MI,25904,27277,27778,25805,24956,27747,28262,26447,,27471,24011,23239,21976,24427,21976,22112,20947,19940,18724,15913,21246,21391,19690,17982,18094,16973,15245,15011, 
Flint City Police Dept,MI,4348,5195,4563,4024,3396,3533,3363,3755,,3999,3892,3325,3304,3336,3096,1828,2012,1711,1484,2324,2708,3072,2741,2328,2246,2412,2392,2774, 
Grand Rapids Police Dept,MI,2214,2142,2251,2317,2309,3025,3278,3040,,2847,2464,2443,2293,2329,2113,2114,2048,2179,2070,2035,1966,1925,1876,1986,1604,1645,1395,1465, 
Kent County Sheriff Office,MI,195,140,219,197,192,224,266,251,,287,315,297,318,313,313,320,304,322,348,363,354,302,347,342,353,402,337,357, 
Lansing City Police Dept,MI,1064,1501,1684,1602,1591,1874,1768,1782,,1613,1643,1649,1431,1349,1188,1219,1353,1292,1220,1186,1408,1236,1256,1226,1204,1240,1169,1078, 
Livingston County Sheriff Department,MI,67,82,50,46,72,96,69,61,,,30,38,30,50,23,35,47,,61,50,68,83,50,55,35,67,43,42, 
Macomb County Sheriff Office,MI,114,107,126,97,,157,115,102,,134,139,126,272,218,292,132,158,181,251,212,281,601,391,404,438,400,305,308, 
Monroe County Sheriff Department,MI,103,152,204,211,237,363,413,399,,327,271,171,180,186,217,246,250,241,223,164,189,181,171,240,238,229,188,209, 
Oakland County Sheriff Office,MI,416,453,506,454,424,552,498,550,,754,706,553,416,416,475,398,477,543,540,478,512,457,418,339,298,306,673,1025, 
Ottawa County Sheriff Department,MI,86,87,90,101,99,136,122,122,,162,119,184,215,315,286,243,286,253,281,323,318,320,308,280,286,306,263,319, 
Sterling Heights Police Dept,MI,305,430,309,327,345,417,389,328,,337,326,270,245,263,273,256,258,243,257,234,282,256,294,241,212,199,203,232, 
Warren Police Dept,MI,1002,1089,922,700,736,977,1192,898,,1076,1305,,,1358,465,632,814,855,791,819,862,843,843,748,804,769,719,715, 
Washtenaw County Sheriff Department,MI,391,500,409,437,479,547,490,473,,,501,409,374,331,376,348,358,394,307,353,362,267,329,548,450,461,430,446, 
Minneapolis Police Dept,MN,5135,5959,5538,5500,5367,,5889,6199,6481,7074,7076,6808,6733,5524,4943,4404,4101,4123,4517,4726,6405,6374,5580,4779,4242,4064,3722,3872, 
Rochester Police Dept,MN,61,76,73,75,79,98,130,138,,163,244,292,272,257,173,259,254,228,257,231,,,,,,,,, 
St. Paul Police Dept,MN,2095,2401,2289,2468,2463,2763,2731,2619,2704,2730,2536,2437,2384,2386,2208,2393,2236,2359,2178,2408,2443,2466,2327,2199,2137,2112,1885,2101, 
Wright County Sheriff Department,MN,16,25,30,34,45,63,61,59,,33,29,36,28,42,45,41,47,54,60,66,,,,,,,,, 
Jackson Police Dept,MS,1399,1480,1466,1654,1438,1699,2386,2574,2780,3368,2667,2366,2140,2256,2080,1916,1966,1802,1648,1272,1225,1736,1512,1652,1515,1718,1620,1668, 
Independence Police Dept,MO,362,455,482,473,488,520,613,578,655,671,630,587,613,676,632,618,668,652,757,799,796,813,837,824,749,484,499,537, 
Jefferson County Sheriff Department,MO,,,,,274,307,,466,358,379,206,213,403,511,358,500,338,341,385,415,375,398,396,434,431,406,384,303, 
Kansas City Police Dept,MO,8012,9673,8423,8316,8996,11087,12413,12594,10961,10693,9734,8885,8569,8362,7766,7181,7081,6054,6151,6449,6536,6471,8380,6269,6303,5643,5536,5862, 
Saint Louis County Police Dept.,MO,1000,1124,1006,1174,1221,1346,1601,959,975,1025,989,909,,836,773,,,,,,,,,,1014,1090,1043,1003, 
Springfield Police Dept,MO,306,377,439,514,605,571,635,649,669,812,829,795,724,736,552,842,989,1061,1038,855,892,1001,1051,1068,1197,1328,1306,1596, 
St. Charles County Sheriff Department,MO,153,132,132,135,136,376,219,195,241,183,177,126,150,180,173,201,243,163,211,218,222,217,234,203,162,157,141,142, 
St. Louis Police Dept,MO,8642,9889,9778,10481,12644,13682,14076,13247,14998,14644,12452,10203,9591,8848,7611,7936,7664,7499,7424,6957,8323,8605,7654,7383,7353,6205,5950,5661, 
Columbia Police Dept,MO,230,232,253,225,271,344,435,472,439,414,487,403,375,376,333,374,439,410,422,429,477,460,617,392,501,530,582,476, 
Billings Police Dept,MT,147,141,125,133,107,99,81,193,,,,,108,186,197,289,180,215,230,179,201,211,245,272,257,283,313,370, 
Douglas County Sheriff Office,NE,44,34,26,,42,92,49,90,83,126,121,165,129,99,131,123,130,185,140,177,124,122,171,165,201,153,123,100, 
Lincoln Police Dept,NE,607,742,701,844,882,940,1091,1233,1125,1283,1331,1215,1132,1164,1218,1201,1302,1275,1114,1236,1364,1256,1325,1282,1166,1258,966,1050, 
Omaha Police Dept,NE,2498,2726,2536,2774,2751,3140,3242,,3899,3930,3585,4742,4873,4841,4613,3164,2708,2829,2627,2608,2327,2505,2578,2648,2363,2274,2309,2485, 
Henderson Police Dept,NV,97,101,102,111,122,186,281,284,289,388,316,322,322,553,507,465,523,454,489,455,432,588,591,529,612,543,571,445, 
Las Vegas Metropolitan Police Department,NV,,,,,,,,,,,,,,,,6349,7549,8981,9158,9783,9530,12931,13641,13324,13039,12648,10813,11598, 
North Las Vegas Police Dept,NV,695,,,,,,,,,1689,1618,1371,1361,1238,1198,1197,1353,1294,1163,1046,1356,1695,1777,1620,1668,,,1695, 
Reno Police Dept,NV,865,872,903,1159,1123,1061,1134,1038,1047,1152,1097,1122,1051,840,857,896,1215,1484,1255,1480,1518,1478,1513,1532,1473,1168,1108,1192, 
Washoe County Sheriff Office,NV,178,186,220,336,322,206,253,234,250,233,295,273,159,280,326,201,208,195,314,162,205,199,208,239,265,232,189,188, 
Manchester Police Dept,NH,199,176,193,187,186,197,240,223,219,219,227,238,247,234,224,242,257,242,301,367,308,313,336,518,537,544,618,624, 
Edison Twp Police Dept,NJ,168,179,136,115,213,146,155,154,133,149,232,296,264,282,226,262,293,223,285,215,231,295,225,234,264,141,142,122, 
Elizabeth Police Dept,NJ,1123,1455,1239,1338,1640,1712,1654,1482,1401,1357,1345,1187,1176,1006,927,867,848,905,754,686,823,894,939,1124,1288,1392,1315,1007, 
Jersey City Police Dept,NJ,3374,3658,3347,3763,3903,4290,4612,4571,4584,4309,4331,3791,3738,3276,3280,2856,2853,2907,2888,2894,3136,2890,2421,2280,1791,1830,1906,1847, 
Newark Police Dept,NJ,9736,10160,8926,9733,10340,10684,9402,9715,10222,10409,10371,8761,7227,5637,4867,4092,3837,3193,2731,2867,2821,2839,2415,2660,2597,2885,3243,3220, 
Paterson Police Dept,NJ,1825,2179,2508,2689,2565,2640,2370,2199,2184,1973,1657,1634,1465,1278,1210,1204,1302,1165,1241,1216,1444,1672,1479,1456,1318,1565,1490,1552, 
Woodbridge Police Dept,NJ,220,170,156,182,178,238,296,364,396,445,379,304,375,394,359,341,322,295,348,318,303,260,234,192,139,167,127,122, 
Albuquerque Police Dept,NM,4105,4292,3845,4275,4696,5121,5591,6168,6696,6707,4735,6267,5677,5563,5255,5136,5259,4889,4439,4720,4670,4550,5080,4718,4082,4291,4207,4151, 
Bernalillo County Sheriff Department,NM,580,749,627,,,,,,,,,,972,994,,832,1012,873,822,832,866,821,900,942,813,795,784,756, 
Amherst Town Police Dept,NY,229,246,223,249,281,256,293,283,187,109,85,98,97,91,76,74,84,101,120,111,102,122,137,141,129,119,124,88, 
Buffalo Police Dept,NY,3411,3755,3555,4271,4479,5275,6042,6367,6041,6890,6333,4524,4013,3485,3243,3657,3709,3757,3924,3804,3938,3957,3490,3716,3920,3599,3250,3382, 
Dutchess County Sheriff Office,NY,140,147,133,166,151,63,65,85,49,49,64,58,66,67,76,58,88,55,72,51,66,68,66,60,64,71,35,53, 
Erie County Sheriff Office,NY,179,,,244,227,302,278,223,267,268,92,76,79,101,,,,70,70,139,136,113,118,128,121,126,126,119, 
Monroe County Sheriff Office,NY,124,114,129,103,131,162,130,152,157,147,,129,145,141,110,141,159,177,252,240,216,219,213,195,212,205,204,230, 
Nassau County Police Dep,NY,1771,1978,1866,2021,1827,1957,2287,2360,2117,1963,1867,1835,1614,,,,,1783,1790,1760,1793,1813,1639,1602,1640,1496,1420,1654, 
New York City Police Dept,NY,135152,143251,148313,162916,169487,174542,170390,159578,153543,136522,114023,98660,92853,85891,78945,75692,74413,63839,59448,55688,54623,52086,50453,48430,46357,48489,51209,52993, 
Onondaga County Sheriff Department,NY,169,243,,,187,179,184,176,176,186,181,150,177,207,216,191,,197,198,164,174,166,174,188,189,157,199,194, 
Rochester Police Dept,NY,2967,3163,2493,2061,2481,2865,2409,2522,2704,2712,2550,2273,2405,1917,1522,1632,1663,1786,2034,1782,1974,2666,2350,2302,2042,2229,2029,2069, 
Saratoga County Sheriff Department,NY,77,78,128,68,132,57,98,39,53,51,95,59,41,42,35,52,61,65,29,40,48,40,26,49,40,39,21,43, 
Suffolk County Police Department,NY,,,,,,,,,,,,,,,,,,,2401,2268,2446,2481,2205,2166,2267,2031,1862,1790, 
Syracuse Police Dept,NY,1013,1108,1158,1366,1360,1400,1559,1512,1361,1234,1467,1398,1430,1423,1439,1565,1562,1519,1383,1312,1570,1515,1435,1366,1343,1291,1302,1372, 
Yonkers Police Dept,NY,984,857,960,915,838,1263,1318,1170,1351,1350,1137,1105,1027,1012,915,981,935,893,879,942,970,978,878,914,965,895,992,1133, 
Buncombe County Sheriff Department,NC,177,174,70,83,118,160,148,138,136,295,285,282,261,234,248,295,233,270,,,165,220,185,194,167,149,155,144, 
Cary Police Dept,NC,17,33,38,48,39,77,87,122,100,105,85,103,106,120,71,78,108,112,109,94,133,131,134,107,132,120,108,115, 
Charlotte-Mecklenburg Police Department,NC,,,,,,,,,,,,,,,,,,,,,,,,,5625,4891,4787,5238, 
Davidson County Sheriff Department,NC,63,40,66,83,65,114,139,141,141,204,144,190,56,83,57,30,38,53,63,115,173,179,205,,136,134,124,83, 
Durham Police Dept,NC,678,636,711,701,798,1013,1614,1791,1707,1729,1835,1689,2063,1745,2016,1846,1854,1810,1663,1561,1477,1957,,1815,1591,1614,1707,1710, 
Fayetteville Police Dept,NC,824,1426,1187,1207,1723,1746,1513,1561,1786,1840,1662,940,885,688,723,743,779,1143,1230,1042,1152,1299,1320,1621,1268,1101,1050,1186, 
Greensboro Police Dept,NC,1004,1199,1080,1286,1716,1620,1799,1626,1720,2007,2098,1927,1974,1949,1820,1892,1869,1639,1547,1711,1941,2062,2312,2157,1940,1512,,1555, 
Guilford County Sheriff Office,NC,203,174,113,81,,308,343,347,282,299,403,310,284,292,239,207,224,217,254,204,206,217,202,216,166,167,159,131, 
High Point Police Dept,NC,485,594,587,612,633,928,861,958,934,1049,894,906,949,786,872,739,773,700,785,668,616,699,832,718,678,608,600,556, 
Iredell County Sheriff Department,NC,129,159,101,80,,93,86,74,73,82,132,141,136,164,150,176,168,154,187,187,189,,193,225,,176,165,164, 
Johnston County Sheriff Department,NC,37,43,56,52,49,80,123,139,114,91,73,60,187,191,165,179,197,166,189,151,153,141,,187,141,141,108,121, 
Onslow County Sheriff Department,NC,346,278,360,317,221,111,129,105,104,,123,119,84,143,144,,209,,,,,335,294,289,302,259,234,219, 
Raleigh Police Dept,NC,1035,1163,1124,1177,1248,1179,1761,2171,2030,2170,2039,2109,2256,2116,2031,2049,2187,1966,2004,1867,2051,2223,2098,2245,2001,1740,1724,1780, 
Union County Sheriff Office,NC,74,66,58,,72,91,125,139,153,104,114,97,126,115,122,,69,77,,,677,251,,311,172,186,189,234, 
Wake County Sheriff Department,NC,181,209,225,177,,183,252,231,343,295,282,278,331,286,259,241,231,170,168,157,133,208,217,165,202,229,184,170, 
Wilmington Police Dept,NC,328,340,477,467,505,646,724,673,767,672,575,701,729,825,774,753,895,998,819,861,794,857,821,778,814,724,662,618, 
Winston-Salem Police Dept,NC,1889,2459,2567,2163,2262,2224,2379,2491,2832,2680,2398,2267,2093,1968,2213,2406,1766,1614,1579,1512,1639,1654,,2079,1739,1517,1565,1556, 
Fargo Police Dept,ND,50,47,46,76,111,109,,109,94,91,102,92,82,108,138,113,133,131,82,76,106,235,242,277,307,302,384,394, 
Akron City Police Dept,OH,1873,2445,2146,2012,2251,2584,2826,2645,2129,2164,2268,2345,,,778,610,1087,1206,1303,1258,1279,1345,1584,1921,1919,1675,1779,1759, 
Cincinnati Police Dept,OH,3275,3340,3167,3199,3690,4476,5794,5793,5621,4855,4640,3921,,,2491,2783,4006,4250,3656,3668,3732,3777,3595,4214,3983,3615,3067,2887, 
Cleveland,OH,6580,7115,6964,7333,7965,9190,9341,8532,8310,7744,8150,7631,7244,6481,6051,6041,6424,6364,6200,6007,6427,7030,6460,6154,5994,5529,5426,5449, 
Columbus Police Dept,OH,4392,5148,5381,5802,5986,7022,7221,7029,7146,6761,6624,6216,5987,5401,5755,5998,6396,6499,6215,5939,6203,5952,6302,5854,5375,5472,5185,, 
Dayton,OH,2295,2602,2779,2936,2886,3089,3556,3357,2922,2499,2425,2026,2115,1802,1789,2065,2077,2036,1657,1632,1537,1729,1601,1678,1542,1511,1355,1384, 
Hamilton County Sheriff Department,OH,290,283,256,333,352,308,388,403,328,290,354,283,298,276,276,291,357,296,277,295,285,310,306,322,251,278,318,275, 
Stark County Sheriff Office,OH,83,132,166,206,189,,153,,268,217,229,180,172,92,129,88,109,133,120,153,171,152,120,103,105,100,87,90, 
Toledo Police Dept,OH,2159,2460,2767,,3289,3541,3486,3158,3191,3664,2873,2635,2675,2877,2158,2380,3050,3183,3182,3267,3725,3461,3639,3621,3251,2854,2868,3352, 
Broken Arrow Police Dept,OK,105,61,123,121,93,102,94,114,116,148,154,118,121,144,161,130,182,166,183,202,188,178,187,190,180,143,144,155, 
Norman Police Dept,OK,127,166,166,156,136,149,166,175,202,228,230,222,232,205,149,209,229,224,189,184,229,211,177,167,162,138,191,173, 
Oklahoma City Police Dept,OK,4328,4239,3798,3986,4307,4813,5066,6358,6480,6471,6027,5308,5065,4616,4071,3951,4183,4214,4642,4321,4538,4301,4612,5400,5181,5304,5108,5474, 
Tulsa Police Dept,OK,2902,3295,3129,3462,4350,4898,4923,5008,4921,4639,4359,4428,4596,4370,4447,4411,4547,4323,4304,4688,4995,4816,4552,4922,4295,4304,3960,3949, 
Clackamas County Sheriff Department,OR,603,271,213,254,211,306,364,340,346,351,372,309,311,409,289,279,329,276,258,251,253,256,220,237,241,225,202,218, 
Eugene Police Dept,OR,377,332,378,361,403,463,379,487,470,536,726,739,757,695,650,620,587,469,478,402,328,370,426,496,470,416,460,430, 
Gresham Police Dept,OR,132,141,241,263,218,221,262,321,274,341,338,284,422,420,341,386,407,482,481,454,500,562,470,495,382,470,416,487, 
Portland Police Dept,OR,8634,8804,8763,8686,8052,7836,8121,8389,8445,8808,8833,7835,7600,6707,6294,5698,4556,4512,4436,4034,3858,3872,3701,3445,3105,3051,3037,3093, 
Salem Police Dept,OR,228,355,316,288,375,302,383,406,391,414,425,394,391,393,287,337,333,344,514,763,712,692,583,575,599,497,519,564, 
Washington County Sheriff Office,OR,198,149,154,133,133,143,157,164,164,183,199,,,212,226,230,189,159,187,182,216,223,245,270,268,267,266,317, 
Allentown City Police Dept,PA,396,460,427,476,499,393,391,415,719,822,776,652,687,677,660,688,618,615,641,652,863,1081,869,805,749,732,647,653, 
Erie Police Dept,PA,564,652,635,697,745,710,814,804,837,813,672,669,698,628,450,467,486,450,447,460,472,554,543,646,472,490,431,458, 
Philadelphia Police Dept,PA,16209,17207,17398,17082,18054,21387,22451,19103,19576,20638,21860,20190,19204,21226,23031,22812,21404,20057,20620,20902,21609,22884,21180,20771,19163,18535,18268,17853, 
Pittsburgh,PA,4353,4707,4318,4118,4579,5017,4294,4495,4479,4105,3474,2850,2778,3156,3046,3267,2964,3794,3559,3739,3385,3473,3455,3358,3087,2810,2476,2347, 
Providence Police Dept,RI,1756,1897,1754,1796,1802,1987,2049,1342,1373,1320,1222,1033,1008,1047,1141,1170,1443,1302,1395,1082,1207,972,978,1164,1189,1216,,1133, 
Aiken County Sheriff Department,SC,612,644,636,453,485,627,683,728,632,703,636,439,674,563,544,528,377,315,363,336,327,371,440,437,479,380,424,351, 
Anderson County Sheriff Department,SC,345,320,332,453,517,585,606,659,940,1012,976,1011,1076,689,597,631,633,897,874,952,813,803,823,896,920,806,776,809, 
Beaufort County Sheriff Office,SC,437,445,602,496,482,595,634,744,750,740,539,559,652,822,696,779,,715,816,756,650,748,673,713,715,718,606,706, 
Berkeley County Sheriff Office,SC,253,239,229,286,266,343,431,486,534,527,549,550,705,755,809,794,,683,556,545,634,659,588,598,653,543,503,487, 
Charleston City Police Dept,SC,802,737,684,672,677,806,1062,938,998,956,1198,1309,1214,953,907,718,,864,908,1049,1006,941,909,802,597,427,398,296, 
Columbia Police Dept,SC,1399,1514,1478,1738,1897,1961,2033,1939,2206,2124,2195,1915,1670,1439,1493,1511,,1575,1350,1519,1313,1339,1312,1090,1339,1302,1001,1042, 
Greenville County Sheriff Office,SC,1113,1107,1105,1193,1445,1771,1863,1785,1798,1819,2108,1904,1974,2142,2017,1881,1670,2051,2024,2162,2304,2261,2250,2242,1992,1769,1819,1994, 
Horry County Police Department,SC,,,,,,,,,,,,,,,,,,,,,,,,,976,967,1060,, 
Lexington County Sheriff Department,SC,575,507,655,745,813,865,766,769,783,788,748,857,858,765,746,755,,714,742,562,565,547,608,556,528,508,578,534, 
North Charleston Police Dept,SC,764,916,993,1013,985,1350,1342,1336,1546,1485,1755,1799,1587,1277,1526,1275,,1363,1351,1287,1476,1491,1569,1377,996,872,653,737, 
Richland County Sheriff Department,SC,1403,1592,1493,1834,1720,1878,2027,1586,1806,1798,1543,1598,1886,1625,1427,1123,1367,1870,2032,1824,1670,1895,2288,2443,2419,2397,2366,2266, 
Spartanburg County Sheriff Office,SC,739,984,845,1038,1416,1919,1718,1908,2191,2101,1903,1973,1757,1483,1469,1190,,1217,1015,954,907,975,947,910,801,720,626,596, 
York County Sheriff Department,SC,289,300,290,379,419,610,502,497,589,664,547,451,666,579,589,623,,954,961,606,669,674,605,554,471,436,413,499, 
Sioux Falls Police Dept,SD,192,193,201,235,320,310,378,431,475,487,501,473,448,326,365,401,324,396,392,417,688,457,387,532,456,487,440,631, 
Chattanooga Police Dept,TN,1509,1787,2093,2435,2735,3469,3398,2922,3032,2257,1952,2145,2646,2743,2700,2737,2819,2404,2040,2015,1771,1948,2022,1877,1789,1566,1460,1709, 
Clarksville Police Dept,TN,253,318,350,299,437,1165,1403,1491,1058,701,770,537,582,667,512,601,556,646,684,775,884,1025,998,957,806,802,883,875, 
Hamilton County Sheriff Office,TN,85,126,139,107,139,162,,165,147,,,,,,,317,412,373,353,292,295,300,346,302,270,261,266,252, 
Knox County Sheriff Office,TN,266,393,305,261,322,295,303,331,468,312,263,387,453,626,762,678,544,560,603,581,523,500,520,559,584,650,625,539, 
Knoxville Police Dept,TN,1078,1437,1376,1260,1607,1973,2764,3107,2912,3031,3180,1527,1505,1476,1392,1860,1997,1978,1702,1655,1742,1900,2066,1995,1969,1768,1691,1774, 
Memphis Police Dept,TN,9738,10477,8833,8914,8030,9082,8818,9764,10113,9855,11039,12535,11836,9057,8602,9616,10877,10416,10312,10093,12637,13557,13065,12939,12072,10401,10336,11507, 
Murfreesboro Police Dept,TN,98,145,253,267,169,247,357,419,405,,,,,280,453,451,382,476,462,540,641,706,691,646,697,604,654,701, 
Nashville-Davidson Metro Police Dept,TN,3376,4218,5253,5290,5230,6886,7989,8382,9164,9375,9376,10021,9291,8550,8405,8978,9055,8684,8332,8615,8974,8565,8513,8365,6959,6802,7239,7550, 
Shelby County Sheriff Office,TN,235,286,397,311,,487,,,576,620,746,,,,,406,387,467,339,375,480,526,491,487,461,477,500,601, 
Abilene Police Dept,TX,355,506,561,679,740,914,870,859,890,721,696,598,642,548,495,404,383,444,517,498,576,554,661,648,658,578,428,472, 
Amarillo Police Dept,TX,759,887,842,923,960,926,906,1134,1129,1261,1380,1428,1244,1265,1221,1434,1404,1478,1496,1426,1537,1622,1835,1473,1580,1200,1223,1278, 
Arlington Police Dept,TX,1110,1450,1412,1388,1550,1876,2108,2056,2259,2443,2576,2478,2420,1859,1951,2157,2129,2202,1863,1893,2369,2728,2588,2262,2330,1925,1874,1909, 
Austin Police Dept,TX,2363,2667,2313,2508,2605,3326,2968,2850,3011,3249,4050,3821,3527,3026,2790,3098,3180,3203,3153,3588,3393,3658,3871,3935,4024,3790,3471,3405, 
Beaumont Police Dept,TX,975,1111,1279,1409,1638,1843,1946,2001,1466,1413,1230,1252,1295,1226,1323,1073,1114,1150,1051,1060,1130,1155,1073,1015,1002,900,1069,1242, 
Bexar County Sheriff Office,TX,581,395,657,485,737,575,768,542,484,558,635,693,952,937,840,544,415,507,478,500,610,493,542,650,649,546,496,487, 
Brazoria County Sheriff Department,TX,184,135,122,100,103,322,194,112,187,220,310,215,287,186,133,217,182,179,104,84,68,107,85,72,166,133,98,92, 
Brownsville Police Dept,TX,995,1301,1265,1404,727,773,822,874,1097,920,817,1151,1271,904,783,912,809,806,757,851,903,867,880,634,454,563,500,473, 
Cameron County Sheriff Department,TX,155,169,136,162,151,188,187,260,231,150,,119,180,305,264,222,203,233,301,291,293,193,201,352,364,157,159,143, 
Carrollton Police Dept,TX,102,119,157,178,179,193,241,228,206,253,307,349,417,405,239,208,191,257,238,246,300,229,237,293,250,184,206,180, 
City Of Fort Worth Police Dept,TX,6352,7870,7691,7326,6668,7826,8914,9392,6979,6035,5344,4984,4313,4329,4246,3816,3864,4243,3751,3784,3920,4219,4477,4627,4245,4301,4569,4525, 
City Of Waco Police Dept,TX,791,941,962,1028,1171,1366,1418,1356,1666,1746,1508,1352,1243,1126,1038,938,903,945,809,856,895,952,1139,1031,883,838,766,635, 
Corpus Christi Police Dept,TX,932,1355,1825,2001,1994,1607,2168,2561,2225,2371,2764,3020,2867,2095,2485,2104,2465,2063,2462,1996,2048,2070,2367,2226,2365,2068,1987,2057, 
Dallas Police Dept,TX,14364,19275,20086,21135,21228,24550,26411,21682,18176,16886,15969,16280,14915,15932,15435,16042,17776,17018,16865,16165,15429,15058,13248,11420,10221,9161,8330,8380, 
Denton Police Dept,TX,356,410,321,456,429,413,511,445,490,408,378,378,320,317,323,270,309,372,373,407,379,336,365,346,307,312,311,369, 
El Paso County Sheriff Department,TX,149,220,209,215,239,336,340,367,459,460,372,349,335,298,343,282,250,279,262,238,210,218,226,224,271,310,237,250, 
El Paso Police Dept,TX,3662,4734,4332,4505,4722,5111,5616,5826,6109,5369,4948,5138,4849,4374,4280,4396,4386,3892,3502,3242,2621,2422,2574,2825,2830,2861,2858,2859, 
Fort Bend County Sheriff Department,TX,167,123,87,118,142,169,180,169,189,246,294,282,341,379,463,528,488,489,587,642,662,703,784,1041,1037,896,902,804, 
Frisco Police Dept,TX,,,,31,16,14,18,41,14,16,26,19,16,19,65,,65,82,58,80,72,98,92,105,108,129,122,98, 
Garland Police Dept,TX,444,524,558,583,621,717,892,970,1072,962,960,777,526,505,495,471,592,628,735,561,655,576,763,773,608,492,530,540, 
Grand Prairie Police Dept,TX,520,759,691,660,658,865,991,1006,734,617,695,1156,1334,552,465,446,384,523,495,449,449,490,608,545,524,599,591,499, 
Harris County Sheriff Office,TX,2449,2841,2774,3121,3033,3757,4458,5032,5223,4457,5228,6056,5593,4837,4584,4592,5201,6140,6569,6995,6952,7539,6731,7924,8439,8089,,7416, 
Hidalgo County Sheriff Department,TX,369,392,378,311,275,309,380,678,1268,956,818,802,885,1159,1118,1218,1552,1212,1117,1245,1293,1067,833,887,1085,640,525,526, 
Houston Police Dept,TX,16461,20576,18971,19817,19528,22637,26651,24837,25069,22986,22260,22456,21157,20183,21517,21491,23419,24958,23988,23427,23987,24250,24564,24779,25593,22491,20892,21610, 
Irving Police Dept,TX,845,852,736,678,656,686,772,833,675,695,831,804,733,786,737,784,816,803,873,815,910,850,729,722,604,529,514,507, 
Killeen Police Dept,TX,277,339,302,271,267,281,413,419,543,421,447,479,538,573,529,575,556,711,788,771,806,787,815,885,750,993,815,851, 
Laredo,TX,600,600,555,763,1138,750,879,904,1053,994,1107,1040,813,836,829,972,1121,1107,1317,1088,1054,1198,1281,1357,1294,1142,1120,1036, 
Lewisville Police Dept,TX,113,93,92,133,114,170,170,152,153,107,165,139,146,155,,168,189,211,169,183,199,215,185,235,197,240,183,168, 
Lubbock Police Dept,TX,1522,1741,1107,997,978,1116,1065,1223,1275,1349,1905,2066,1836,2003,2394,2508,2469,2514,2395,2200,2222,2169,1953,2098,2079,2001,1800,1962, 
Mcallen Police Dept,TX,257,428,405,403,453,463,602,640,718,732,683,546,417,323,376,389,474,533,512,540,421,383,372,371,348,299,246,166, 
Mckinney Police Dept,TX,128,94,113,218,287,350,355,317,325,280,177,191,178,129,144,158,175,194,169,186,226,274,255,272,247,224,241,229, 
Mesquite Police Dept,TX,449,577,588,614,563,580,601,670,656,574,601,438,441,396,441,427,466,447,463,466,530,496,577,492,534,482,397,442, 
Midland Police Dept,TX,459,425,448,479,440,495,997,451,448,482,473,377,408,356,359,395,407,561,510,,408,373,343,420,426,407,334,398, 
Montgomery County Sheriff Department,TX,255,412,420,539,504,482,532,458,385,454,646,640,1315,851,706,754,720,800,850,919,941,791,841,706,1045,862,648,521, 
Odessa Police Dept,TX,367,624,537,429,458,651,848,873,771,608,1125,1105,819,828,560,500,512,539,588,561,590,614,529,675,787,726,748,1103, 
Pasadena Police Dept,TX,706,648,746,699,871,1203,1409,1374,1644,1297,1055,903,949,1059,669,543,763,619,578,580,632,620,635,645,706,611,566,622, 
Plano Police Dept,TX,151,137,150,192,307,443,427,495,487,573,647,569,609,824,794,623,588,669,709,649,730,738,670,605,471,484,429,358, 
Richardson Police Dept,TX,119,164,159,200,212,257,308,315,219,241,232,253,209,233,267,280,257,282,244,255,260,237,289,270,231,194,173,171, 
Round Rock Police Dept,TX,69,124,104,125,124,118,124,308,78,93,82,92,95,112,91,116,108,116,,94,121,104,112,128,128,116,115,141, 
San Antonio Police Dept,TX,5393,6237,6092,5273,5253,5730,7573,7131,6725,6471,5178,4741,4170,4969,6340,7908,9546,9769,7252,7846,8007,7977,7327,9699,7844,8434,7038,6943, 
Travis County Sheriff Department,TX,579,460,328,325,280,251,287,334,545,464,365,268,343,413,465,342,332,365,415,348,323,281,262,290,531,495,367,448, 
Tyler Police Dept,TX,449,576,558,601,595,649,750,961,933,1176,705,630,518,526,,638,,644,717,541,574,563,652,635,529,656,503,537, 
Wichita Falls Police Dept,TX,614,669,654,724,748,866,952,1024,831,968,861,878,750,724,612,586,871,998,1082,1181,733,491,576,557,520,463,459,475, 
Williamson County Sheriff Department,TX,64,181,144,88,111,208,132,181,149,231,225,143,175,179,155,172,204,279,209,187,163,201,161,188,158,129,106,114, 
Provo Police Dept,UT,109,122,161,177,165,134,102,129,143,158,133,170,182,152,143,131,159,165,118,155,193,181,168,186,170,196,149,149, 
Salt Lake City Police Dept,UT,1083,1246,1090,1036,1197,1355,1319,1317,1402,1320,1375,1501,1467,1465,1258,1301,1166,1238,1296,1329,1298,1504,1504,1424,1284,1294,1213,1300, 
Salt Lake County Sheriff Office,UT,,,,,,,,,,,,,,,,,788,620,826,841,559,579,674,652,753,563,495,694, 
West Jordan Police Dept,UT,119,140,6,22,25,50,155,60,46,75,120,82,131,109,104,128,160,189,157,165,170,172,206,215,169,260,210,199, 
West Valley Police Dept,UT,247,224,184,258,,331,383,342,411,441,,,611,572,484,518,405,443,473,481,520,479,597,601,566,606,588,599, 
Albemarle County Police Department,VA,,,,,,,,,,,,,,,,,,,,,,,,,109,125,106,99, 
Alexandria Police Dept,VA,802,728,681,749,719,693,738,747,752,705,654,636,606,489,388,314,408,419,406,378,462,449,366,326,288,272,252,243, 
Arlington County Police Department,VA,761,761,704,676,727,791,770,671,600,707,792,587,545,,,,,,,,,,,,321,325,325,305, 
Chesapeake Police Dept,VA,407,523,540,534,576,728,886,857,786,824,821,804,819,850,1061,,,1365,1255,1111,1117,966,982,1014,873,877,892,839, 
Chesterfield County Police Department,VA,,,,,,,,,,,,,,,,,,,,,,,,,505,483,385,394, 
Fairfax County Police Department,VA,,,,,,,,,,,,,,886,,154,238,480,648,594,537,764,873,732,705,971,909,848, 
Hampton Police Dept,VA,370,394,423,454,446,564,628,656,643,561,554,592,529,535,481,486,605,609,601,579,595,571,523,468,450,394,350,314, 
Henrico County Police Dept,VA,,,,,,,,,,,,,,588,638,588,,,,,,,,,506,499,428,545, 
Loudoun County Sheriff Office,VA,93,91,82,94,129,110,117,164,145,118,130,112,,,209,219,249,274,216,139,172,174,167,283,252,189,237,216, 
Newport News Police Dept,VA,757,875,751,877,917,1131,1275,1943,2178,1594,1750,1176,1019,1035,1495,1347,1327,1355,1256,1390,1440,1431,1235,1237,1023,983,845,754, 
Norfolk Police Dept,VA,2064,2207,2140,2207,2180,2851,3074,2707,2769,2382,2393,2332,2417,1568,,1668,1599,1350,1379,1345,1841,1856,1981,1971,1608,1450,1424,1332, 
Prince William County Police Department,VA,,,,,,,,,,,,,,,,,,,,,,,,,661,620,537,627, 
Richmond (City) Bureau Of Police,VA,2647,2586,2614,2584,2928,3229,3414,3110,3275,3534,3500,3383,3463,2804,2244,2523,2758,2657,2484,2706,2385,2041,1841,1588,1657,1514,1428,1348, 
Spotsylvania County Sheriff Office,VA,49,49,53,41,63,49,37,50,43,95,67,94,204,162,174,115,156,149,168,170,182,201,352,286,262,263,270,265, 
Stafford County Sheriff Office,VA,30,38,44,41,50,49,140,117,101,85,105,107,123,103,109,128,88,159,135,115,130,156,191,182,181,207,171,195, 
Virginia Beach Police Dept,VA,550,736,718,717,762,902,1087,1155,1248,1158,968,1075,1064,990,1044,943,840,960,932,1006,1138,1255,1084,1040,896,831,776,758, 
Bellevue Police Dept,WA,197,164,148,174,208,235,196,187,191,227,169,186,159,162,129,139,162,140,164,174,172,184,138,168,162,138,140,161, 
Clark County Sheriff Department,WA,218,158,209,259,342,210,308,509,566,482,542,602,630,526,375,319,274,281,264,271,308,253,271,276,276,239,248,283, 
Everett Police Dept,WA,230,263,239,245,283,302,367,341,407,631,,,628,622,492,567,547,507,546,563,537,602,564,584,610,535,450,481, 
Kent Police Dept,WA,83,114,94,132,110,161,194,253,223,282,270,291,332,326,292,295,291,280,317,408,479,563,525,543,507,501,577,543, 
King County Sheriff Office,WA,1363,1309,1250,1481,1627,1782,2267,1794,1571,1282,1275,1024,944,831,773,707,722,703,713,699,663,657,685,549,572,471,430,405, 
Kitsap County Sheriff Office,WA,187,220,270,257,267,275,296,274,330,408,679,474,520,545,409,550,497,447,476,524,502,541,581,674,682,628,441,338, 
Pierce County Sheriff Department,WA,1276,1301,1320,1538,1574,1565,1935,2045,1918,2148,2210,1897,1180,1126,948,1120,866,1008,1130,1046,1105,1197,1114,1147,1189,1143,919,1000, 
Seattle Police Dept,WA,6523,6790,7096,6879,6878,7780,7221,7327,7437,6538,4904,4543,5002,4475,4166,4333,4150,4092,3944,3798,4109,4152,3667,3447,3861,3515,3664,3746, 
Snohomish County Sheriff Office,WA,314,336,349,395,370,463,513,462,,598,589,591,673,666,648,,620,594,614,645,594,576,600,611,,487,,, 
Spokane County Sheriff Department,WA,265,143,140,193,258,217,,317,348,385,427,450,611,661,517,506,500,451,309,156,272,255,331,247,191,155,132,147, 
Spokane Police Dept,WA,933,1134,1095,1134,1133,1107,1283,1570,1558,1688,1586,1308,1394,1577,1372,1234,1409,1302,1161,1207,1120,1197,1322,1352,1270,1270,1304,1369, 
Tacoma Police Dept,WA,2010,2204,2381,2781,3078,3096,3583,3425,3441,3522,3223,2785,2982,2658,2351,2397,2112,2182,2154,2026,2014,2076,2066,2008,1949,1704,1507,1615, 
Thurston County Sheriff Department,WA,150,171,178,194,207,281,232,211,184,206,263,199,207,241,317,272,308,328,279,266,321,289,244,320,308,335,294,258, 
Vancouver Police Dept,WA,272,285,286,303,252,273,376,434,456,497,625,571,670,655,596,593,687,532,642,642,626,598,646,605,656,671,633,592, 
Green Bay Police Dept,WI,205,214,200,330,291,285,344,430,451,509,509,390,272,300,344,312,272,389,458,519,495,558,616,502,473,370,373,514, 
Madison City Police Dept,WI,445,458,377,440,504,596,770,713,631,624,617,772,857,737,706,681,708,755,774,841,839,973,834,891,853,939,815,897, 
Milwaukee Police Dept,WI,4056,6135,6008,5037,4270,6282,6228,6332,6014,6562,6737,5974,6618,5895,6061,5711,5463,5782,5290,4637,6027,7802,8057,7404,6661,6336,5969,7759, 
,,,,,,,,,,,,,,,,,,,,,,,,,,,,,,
,,,,,,,,,,,,,,,,,,,,,,,,,,,,,,
,,,,,,,,,,,,,,,,,,,,,,,,,,,,,,
,,,,,,,,,,,,,,,,,,,,,,,,,,,,,,
,,,,,,,,,,,,,,,,,,,,,,,,,,,,,,
,,,,,,,,,,,,,,,,,,,,,,,,,,,,,,
,,,,,,,,,,,,,,,,,,,,,,,,,,,,,,
,,,,,,,,,,,,,,,,,,,,,,,,,,,,,,
,,,,,,,,,,,,,,,,,,,,,,,,,,,,,,
,,,,,,,,,,,,,,,,,,,,,,,,,,,,,,
,,,,,,,,,,,,,,,,,,,,,,,,,,,,,,
,,,,,,,,,,,,,,,,,,,,,,,,,,,,,,
,,,,,,,,,,,,,,,,,,,,,,,,,,,,,,
,,,,,,,,,,,,,,,,,,,,,,,,,,,,,,
,,,,,,,,,,,,,,,,,,,,,,,,,,,,,,
,,,,,,,,,,,,,,,,,,,,,,,,,,,,,,
,,,,,,,,,,,,,,,,,,,,,,,,,,,,,,
,,,,,,,,,,,,,,,,,,,,,,,,,,,,,,
,,,,,,,,,,,,,,,,,,,,,,,,,,,,,,
,,,,,,,,,,,,,,,,,,,,,,,,,,,,,,
,,,,,,,,,,,,,,,,,,,,,,,,,,,,,,
,,,,,,,,,,,,,,,,,,,,,,,,,,,,,,
,,,,,,,,,,,,,,,,,,,,,,,,,,,,,,
,,,,,,,,,,,,,,,,,,,,,,,,,,,,,,
,,,,,,,,,,,,,,,,,,,,,,,,,,,,,,
,,,,,,,,,,,,,,,,,,,,,,,,,,,,,,
,,,,,,,,,,,,,,,,,,,,,,,,,,,,,,
,,,,,,,,,,,,,,,,,,,,,,,,,,,,,,
,,,,,,,,,,,,,,,,,,,,,,,,,,,,,,
,,,,,,,,,,,,,,,,,,,,,,,,,,,,,,
,,,,,,,,,,,,,,,,,,,,,,,,,,,,,,
,,,,,,,,,,,,,,,,,,,,,,,,,,,,,,
,,,,,,,,,,,,,,,,,,,,,,,,,,,,,,
,,,,,,,,,,,,,,,,,,,,,,,,,,,,,,
,,,,,,,,,,,,,,,,,,,,,,,,,,,,,,
,,,,,,,,,,,,,,,,,,,,,,,,,,,,,,
,,,,,,,,,,,,,,,,,,,,,,,,,,,,,,
,,,,,,,,,,,,,,,,,,,,,,,,,,,,,,
,,,,,,,,,,,,,,,,,,,,,,,,,,,,,,
,,,,,,,,,,,,,,,,,,,,,,,,,,,,,,
,,,,,,,,,,,,,,,,,,,,,,,,,,,,,,
,,,,,,,,,,,,,,,,,,,,,,,,,,,,,,
,,,,,,,,,,,,,,,,,,,,,,,,,,,,,,
,,,,,,,,,,,,,,,,,,,,,,,,,,,,,,
,,,,,,,,,,,,,,,,,,,,,,,,,,,,,,
,,,,,,,,,,,,,,,,,,,,,,,,,,,,,,
,,,,,,,,,,,,,,,,,,,,,,,,,,,,,,
,,,,,,,,,,,,,,,,,,,,,,,,,,,,,,
,,,,,,,,,,,,,,,,,,,,,,,,,,,,,,
,,,,,,,,,,,,,,,,,,,,,,,,,,,,,,
,,,,,,,,,,,,,,,,,,,,,,,,,,,,,,
,,,,,,,,,,,,,,,,,,,,,,,,,,,,,,
,,,,,,,,,,,,,,,,,,,,,,,,,,,,,,
,,,,,,,,,,,,,,,,,,,,,,,,,,,,,,
,,,,,,,,,,,,,,,,,,,,,,,,,,,,,,
,,,,,,,,,,,,,,,,,,,,,,,,,,,,,,
,,,,,,,,,,,,,,,,,,,,,,,,,,,,,,
,,,,,,,,,,,,,,,,,,,,,,,,,,,,,,
,,,,,,,,,,,,,,,,,,,,,,,,,,,,,,
,,,,,,,,,,,,,,,,,,,,,,,,,,,,,,
,,,,,,,,,,,,,,,,,,,,,,,,,,,,,,
,,,,,,,,,,,,,,,,,,,,,,,,,,,,,,
,,,,,,,,,,,,,,,,,,,,,,,,,,,,,,
,,,,,,,,,,,,,,,,,,,,,,,,,,,,,,
,,,,,,,,,,,,,,,,,,,,,,,,,,,,,,
,,,,,,,,,,,,,,,,,,,,,,,,,,,,,,
,,,,,,,,,,,,,,,,,,,,,,,,,,,,,,
,,,,,,,,,,,,,,,,,,,,,,,,,,,,,,
,,,,,,,,,,,,,,,,,,,,,,,,,,,,,,
,,,,,,,,,,,,,,,,,,,,,,,,,,,,,,
,,,,,,,,,,,,,,,,,,,,,,,,,,,,,,
,,,,,,,,,,,,,,,,,,,,,,,,,,,,,,
,,,,,,,,,,,,,,,,,,,,,,,,,,,,,,
,,,,,,,,,,,,,,,,,,,,,,,,,,,,,,
,,,,,,,,,,,,,,,,,,,,,,,,,,,,,,
,,,,,,,,,,,,,,,,,,,,,,,,,,,,,,
,,,,,,,,,,,,,,,,,,,,,,,,,,,,,,
,,,,,,,,,,,,,,,,,,,,,,,,,,,,,,
,,,,,,,,,,,,,,,,,,,,,,,,,,,,,,
,,,,,,,,,,,,,,,,,,,,,,,,,,,,,,
,,,,,,,,,,,,,,,,,,,,,,,,,,,,,,
,,,,,,,,,,,,,,,,,,,,,,,,,,,,,,
,,,,,,,,,,,,,,,,,,,,,,,,,,,,,,
,,,,,,,,,,,,,,,,,,,,,,,,,,,,,,
,,,,,,,,,,,,,,,,,,,,,,,,,,,,,,
,,,,,,,,,,,,,,,,,,,,,,,,,,,,,,
,,,,,,,,,,,,,,,,,,,,,,,,,,,,,,
,,,,,,,,,,,,,,,,,,,,,,,,,,,,,,
,,,,,,,,,,,,,,,,,,,,,,,,,,,,,,
,,,,,,,,,,,,,,,,,,,,,,,,,,,,,,
,,,,,,,,,,,,,,,,,,,,,,,,,,,,,,
,,,,,,,,,,,,,,,,,,,,,,,,,,,,,,
,,,,,,,,,,,,,,,,,,,,,,,,,,,,,,
,,,,,,,,,,,,,,,,,,,,,,,,,,,,,,
,,,,,,,,,,,,,,,,,,,,,,,,,,,,,,
,,,,,,,,,,,,,,,,,,,,,,,,,,,,,,
,,,,,,,,,,,,,,,,,,,,,,,,,,,,,,
,,,,,,,,,,,,,,,,,,,,,,,,,,,,,,
,,,,,,,,,,,,,,,,,,,,,,,,,,,,,,
,,,,,,,,,,,,,,,,,,,,,,,,,,,,,,
,,,,,,,,,,,,,,,,,,,,,,,,,,,,,,
,,,,,,,,,,,,,,,,,,,,,,,,,,,,,,
,,,,,,,,,,,,,,,,,,,,,,,,,,,,,,
,,,,,,,,,,,,,,,,,,,,,,,,,,,,,,
,,,,,,,,,,,,,,,,,,,,,,,,,,,,,,
,,,,,,,,,,,,,,,,,,,,,,,,,,,,,,
,,,,,,,,,,,,,,,,,,,,,,,,,,,,,,
,,,,,,,,,,,,,,,,,,,,,,,,,,,,,,
,,,,,,,,,,,,,,,,,,,,,,,,,,,,,,
,,,,,,,,,,,,,,,,,,,,,,,,,,,,,,
,,,,,,,,,,,,,,,,,,,,,,,,,,,,,,
,,,,,,,,,,,,,,,,,,,,,,,,,,,,,,
,,,,,,,,,,,,,,,,,,,,,,,,,,,,,,
,,,,,,,,,,,,,,,,,,,,,,,,,,,,,,
,,,,,,,,,,,,,,,,,,,,,,,,,,,,,,
,,,,,,,,,,,,,,,,,,,,,,,,,,,,,,
,,,,,,,,,,,,,,,,,,,,,,,,,,,,,,
,,,,,,,,,,,,,,,,,,,,,,,,,,,,,,
,,,,,,,,,,,,,,,,,,,,,,,,,,,,,,
,,,,,,,,,,,,,,,,,,,,,,,,,,,,,,
,,,,,,,,,,,,,,,,,,,,,,,,,,,,,,
,,,,,,,,,,,,,,,,,,,,,,,,,,,,,,
,,,,,,,,,,,,,,,,,,,,,,,,,,,,,,
,,,,,,,,,,,,,,,,,,,,,,,,,,,,,,
,,,,,,,,,,,,,,,,,,,,,,,,,,,,,,
,,,,,,,,,,,,,,,,,,,,,,,,,,,,,,
,,,,,,,,,,,,,,,,,,,,,,,,,,,,,,
,,,,,,,,,,,,,,,,,,,,,,,,,,,,,,
,,,,,,,,,,,,,,,,,,,,,,,,,,,,,,
,,,,,,,,,,,,,,,,,,,,,,,,,,,,,,
,,,,,,,,,,,,,,,,,,,,,,,,,,,,,,
,,,,,,,,,,,,,,,,,,,,,,,,,,,,,,
,,,,,,,,,,,,,,,,,,,,,,,,,,,,,,
,,,,,,,,,,,,,,,,,,,,,,,,,,,,,,
,,,,,,,,,,,,,,,,,,,,,,,,,,,,,,
,,,,,,,,,,,,,,,,,,,,,,,,,,,,,,
,,,,,,,,,,,,,,,,,,,,,,,,,,,,,,
,,,,,,,,,,,,,,,,,,,,,,,,,,,,,,
,,,,,,,,,,,,,,,,,,,,,,,,,,,,,,
,,,,,,,,,,,,,,,,,,,,,,,,,,,,,,
,,,,,,,,,,,,,,,,,,,,,,,,,,,,,,
,,,,,,,,,,,,,,,,,,,,,,,,,,,,,,
,,,,,,,,,,,,,,,,,,,,,,,,,,,,,,
,,,,,,,,,,,,,,,,,,,,,,,,,,,,,,
,,,,,,,,,,,,,,,,,,,,,,,,,,,,,,
,,,,,,,,,,,,,,,,,,,,,,,,,,,,,,
,,,,,,,,,,,,,,,,,,,,,,,,,,,,,,
,,,,,,,,,,,,,,,,,,,,,,,,,,,,,,
,,,,,,,,,,,,,,,,,,,,,,,,,,,,,,
,,,,,,,,,,,,,,,,,,,,,,,,,,,,,,
,,,,,,,,,,,,,,,,,,,,,,,,,,,,,,
,,,,,,,,,,,,,,,,,,,,,,,,,,,,,,
,,,,,,,,,,,,,,,,,,,,,,,,,,,,,,
,,,,,,,,,,,,,,,,,,,,,,,,,,,,,,
,,,,,,,,,,,,,,,,,,,,,,,,,,,,,,
,,,,,,,,,,,,,,,,,,,,,,,,,,,,,,
,,,,,,,,,,,,,,,,,,,,,,,,,,,,,,
,,,,,,,,,,,,,,,,,,,,,,,,,,,,,,
,,,,,,,,,,,,,,,,,,,,,,,,,,,,,,
,,,,,,,,,,,,,,,,,,,,,,,,,,,,,,
,,,,,,,,,,,,,,,,,,,,,,,,,,,,,,
,,,,,,,,,,,,,,,,,,,,,,,,,,,,,,
,,,,,,,,,,,,,,,,,,,,,,,,,,,,,,
,,,,,,,,,,,,,,,,,,,,,,,,,,,,,,
,,,,,,,,,,,,,,,,,,,,,,,,,,,,,,
,,,,,,,,,,,,,,,,,,,,,,,,,,,,,,
,,,,,,,,,,,,,,,,,,,,,,,,,,,,,,
,,,,,,,,,,,,,,,,,,,,,,,,,,,,,,
,,,,,,,,,,,,,,,,,,,,,,,,,,,,,,
,,,,,,,,,,,,,,,,,,,,,,,,,,,,,,
,,,,,,,,,,,,,,,,,,,,,,,,,,,,,,
,,,,,,,,,,,,,,,,,,,,,,,,,,,,,,
,,,,,,,,,,,,,,,,,,,,,,,,,,,,,,
,,,,,,,,,,,,,,,,,,,,,,,,,,,,,,
,,,,,,,,,,,,,,,,,,,,,,,,,,,,,,
,,,,,,,,,,,,,,,,,,,,,,,,,,,,,,
,,,,,,,,,,,,,,,,,,,,,,,,,,,,,,
,,,,,,,,,,,,,,,,,,,,,,,,,,,,,,
,,,,,,,,,,,,,,,,,,,,,,,,,,,,,,
,,,,,,,,,,,,,,,,,,,,,,,,,,,,,,
,,,,,,,,,,,,,,,,,,,,,,,,,,,,,,
,,,,,,,,,,,,,,,,,,,,,,,,,,,,,,
,,,,,,,,,,,,,,,,,,,,,,,,,,,,,,
,,,,,,,,,,,,,,,,,,,,,,,,,,,,,,
,,,,,,,,,,,,,,,,,,,,,,,,,,,,,,
,,,,,,,,,,,,,,,,,,,,,,,,,,,,,,
,,,,,,,,,,,,,,,,,,,,,,,,,,,,,,
,,,,,,,,,,,,,,,,,,,,,,,,,,,,,,
,,,,,,,,,,,,,,,,,,,,,,,,,,,,,,
,,,,,,,,,,,,,,,,,,,,,,,,,,,,,,
,,,,,,,,,,,,,,,,,,,,,,,,,,,,,,
,,,,,,,,,,,,,,,,,,,,,,,,,,,,,,
,,,,,,,,,,,,,,,,,,,,,,,,,,,,,,
,,,,,,,,,,,,,,,,,,,,,,,,,,,,,,
,,,,,,,,,,,,,,,,,,,,,,,,,,,,,,
,,,,,,,,,,,,,,,,,,,,,,,,,,,,,,
,,,,,,,,,,,,,,,,,,,,,,,,,,,,,,
,,,,,,,,,,,,,,,,,,,,,,,,,,,,,,
,,,,,,,,,,,,,,,,,,,,,,,,,,,,,,
,,,,,,,,,,,,,,,,,,,,,,,,,,,,,,
,,,,,,,,,,,,,,,,,,,,,,,,,,,,,,
,,,,,,,,,,,,,,,,,,,,,,,,,,,,,,
,,,,,,,,,,,,,,,,,,,,,,,,,,,,,,
,,,,,,,,,,,,,,,,,,,,,,,,,,,,,,
,,,,,,,,,,,,,,,,,,,,,,,,,,,,,,
,,,,,,,,,,,,,,,,,,,,,,,,,,,,,,
,,,,,,,,,,,,,,,,,,,,,,,,,,,,,,
,,,,,,,,,,,,,,,,,,,,,,,,,,,,,,
,,,,,,,,,,,,,,,,,,,,,,,,,,,,,,
,,,,,,,,,,,,,,,,,,,,,,,,,,,,,,
,,,,,,,,,,,,,,,,,,,,,,,,,,,,,,
,,,,,,,,,,,,,,,,,,,,,,,,,,,,,,
,,,,,,,,,,,,,,,,,,,,,,,,,,,,,,
,,,,,,,,,,,,,,,,,,,,,,,,,,,,,,
,,,,,,,,,,,,,,,,,,,,,,,,,,,,,,
,,,,,,,,,,,,,,,,,,,,,,,,,,,,,,
,,,,,,,,,,,,,,,,,,,,,,,,,,,,,,
,,,,,,,,,,,,,,,,,,,,,,,,,,,,,,
,,,,,,,,,,,,,,,,,,,,,,,,,,,,,,
,,,,,,,,,,,,,,,,,,,,,,,,,,,,,,
,,,,,,,,,,,,,,,,,,,,,,,,,,,,,,
,,,,,,,,,,,,,,,,,,,,,,,,,,,,,,
,,,,,,,,,,,,,,,,,,,,,,,,,,,,,,
,,,,,,,,,,,,,,,,,,,,,,,,,,,,,,
,,,,,,,,,,,,,,,,,,,,,,,,,,,,,,
,,,,,,,,,,,,,,,,,,,,,,,,,,,,,,
,,,,,,,,,,,,,,,,,,,,,,,,,,,,,,
,,,,,,,,,,,,,,,,,,,,,,,,,,,,,,
,,,,,,,,,,,,,,,,,,,,,,,,,,,,,,
,,,,,,,,,,,,,,,,,,,,,,,,,,,,,,
,,,,,,,,,,,,,,,,,,,,,,,,,,,,,,
,,,,,,,,,,,,,,,,,,,,,,,,,,,,,,
,,,,,,,,,,,,,,,,,,,,,,,,,,,,,,
,,,,,,,,,,,,,,,,,,,,,,,,,,,,,,
,,,,,,,,,,,,,,,,,,,,,,,,,,,,,,
,,,,,,,,,,,,,,,,,,,,,,,,,,,,,,
,,,,,,,,,,,,,,,,,,,,,,,,,,,,,,
,,,,,,,,,,,,,,,,,,,,,,,,,,,,,,
,,,,,,,,,,,,,,,,,,,,,,,,,,,,,,
,,,,,,,,,,,,,,,,,,,,,,,,,,,,,,
,,,,,,,,,,,,,,,,,,,,,,,,,,,,,,
,,,,,,,,,,,,,,,,,,,,,,,,,,,,,,
,,,,,,,,,,,,,,,,,,,,,,,,,,,,,,
,,,,,,,,,,,,,,,,,,,,,,,,,,,,,,
,,,,,,,,,,,,,,,,,,,,,,,,,,,,,,
,,,,,,,,,,,,,,,,,,,,,,,,,,,,,,
,,,,,,,,,,,,,,,,,,,,,,,,,,,,,,
,,,,,,,,,,,,,,,,,,,,,,,,,,,,,,
,,,,,,,,,,,,,,,,,,,,,,,,,,,,,,
,,,,,,,,,,,,,,,,,,,,,,,,,,,,,,
,,,,,,,,,,,,,,,,,,,,,,,,,,,,,,
,,,,,,,,,,,,,,,,,,,,,,,,,,,,,,
,,,,,,,,,,,,,,,,,,,,,,,,,,,,,,
,,,,,,,,,,,,,,,,,,,,,,,,,,,,,,
,,,,,,,,,,,,,,,,,,,,,,,,,,,,,,
,,,,,,,,,,,,,,,,,,,,,,,,,,,,,,
,,,,,,,,,,,,,,,,,,,,,,,,,,,,,,
,,,,,,,,,,,,,,,,,,,,,,,,,,,,,,
,,,,,,,,,,,,,,,,,,,,,,,,,,,,,,
,,,,,,,,,,,,,,,,,,,,,,,,,,,,,,
,,,,,,,,,,,,,,,,,,,,,,,,,,,,,,
,,,,,,,,,,,,,,,,,,,,,,,,,,,,,,
,,,,,,,,,,,,,,,,,,,,,,,,,,,,,,
,,,,,,,,,,,,,,,,,,,,,,,,,,,,,,
,,,,,,,,,,,,,,,,,,,,,,,,,,,,,,
,,,,,,,,,,,,,,,,,,,,,,,,,,,,,,
,,,,,,,,,,,,,,,,,,,,,,,,,,,,,,
,,,,,,,,,,,,,,,,,,,,,,,,,,,,,,
,,,,,,,,,,,,,,,,,,,,,,,,,,,,,,
,,,,,,,,,,,,,,,,,,,,,,,,,,,,,,
,,,,,,,,,,,,,,,,,,,,,,,,,,,,,,
,,,,,,,,,,,,,,,,,,,,,,,,,,,,,,
,,,,,,,,,,,,,,,,,,,,,,,,,,,,,,
,,,,,,,,,,,,,,,,,,,,,,,,,,,,,,
,,,,,,,,,,,,,,,,,,,,,,,,,,,,,,
,,,,,,,,,,,,,,,,,,,,,,,,,,,,,,
,,,,,,,,,,,,,,,,,,,,,,,,,,,,,,
,,,,,,,,,,,,,,,,,,,,,,,,,,,,,,
,,,,,,,,,,,,,,,,,,,,,,,,,,,,,,
,,,,,,,,,,,,,,,,,,,,,,,,,,,,,,
,,,,,,,,,,,,,,,,,,,,,,,,,,,,,,
,,,,,,,,,,,,,,,,,,,,,,,,,,,,,,
,,,,,,,,,,,,,,,,,,,,,,,,,,,,,,
,,,,,,,,,,,,,,,,,,,,,,,,,,,,,,
,,,,,,,,,,,,,,,,,,,,,,,,,,,,,,
,,,,,,,,,,,,,,,,,,,,,,,,,,,,,,
,,,,,,,,,,,,,,,,,,,,,,,,,,,,,,
,,,,,,,,,,,,,,,,,,,,,,,,,,,,,,
,,,,,,,,,,,,,,,,,,,,,,,,,,,,,,
,,,,,,,,,,,,,,,,,,,,,,,,,,,,,,
,,,,,,,,,,,,,,,,,,,,,,,,,,,,,,
,,,,,,,,,,,,,,,,,,,,,,,,,,,,,,
,,,,,,,,,,,,,,,,,,,,,,,,,,,,,,
,,,,,,,,,,,,,,,,,,,,,,,,,,,,,,
,,,,,,,,,,,,,,,,,,,,,,,,,,,,,,
,,,,,,,,,,,,,,,,,,,,,,,,,,,,,,
,,,,,,,,,,,,,,,,,,,,,,,,,,,,,,
,,,,,,,,,,,,,,,,,,,,,,,,,,,,,,
,,,,,,,,,,,,,,,,,,,,,,,,,,,,,,
,,,,,,,,,,,,,,,,,,,,,,,,,,,,,,
,,,,,,,,,,,,,,,,,,,,,,,,,,,,,,
,,,,,,,,,,,,,,,,,,,,,,,,,,,,,,
,,,,,,,,,,,,,,,,,,,,,,,,,,,,,,
,,,,,,,,,,,,,,,,,,,,,,,,,,,,,,
,,,,,,,,,,,,,,,,,,,,,,,,,,,,,,
,,,,,,,,,,,,,,,,,,,,,,,,,,,,,,
,,,,,,,,,,,,,,,,,,,,,,,,,,,,,,
,,,,,,,,,,,,,,,,,,,,,,,,,,,,,,
,,,,,,,,,,,,,,,,,,,,,,,,,,,,,,
,,,,,,,,,,,,,,,,,,,,,,,,,,,,,,
,,,,,,,,,,,,,,,,,,,,,,,,,,,,,,
,,,,,,,,,,,,,,,,,,,,,,,,,,,,,,
,,,,,,,,,,,,,,,,,,,,,,,,,,,,,,
,,,,,,,,,,,,,,,,,,,,,,,,,,,,,,
,,,,,,,,,,,,,,,,,,,,,,,,,,,,,,
,,,,,,,,,,,,,,,,,,,,,,,,,,,,,,
,,,,,,,,,,,,,,,,,,,,,,,,,,,,,,
,,,,,,,,,,,,,,,,,,,,,,,,,,,,,,
,,,,,,,,,,,,,,,,,,,,,,,,,,,,,,
,,,,,,,,,,,,,,,,,,,,,,,,,,,,,,
,,,,,,,,,,,,,,,,,,,,,,,,,,,,,,
,,,,,,,,,,,,,,,,,,,,,,,,,,,,,,
,,,,,,,,,,,,,,,,,,,,,,,,,,,,,,
,,,,,,,,,,,,,,,,,,,,,,,,,,,,,,
,,,,,,,,,,,,,,,,,,,,,,,,,,,,,,
,,,,,,,,,,,,,,,,,,,,,,,,,,,,,,
,,,,,,,,,,,,,,,,,,,,,,,,,,,,,,
,,,,,,,,,,,,,,,,,,,,,,,,,,,,,,
,,,,,,,,,,,,,,,,,,,,,,,,,,,,,,
,,,,,,,,,,,,,,,,,,,,,,,,,,,,,,
,,,,,,,,,,,,,,,,,,,,,,,,,,,,,,
,,,,,,,,,,,,,,,,,,,,,,,,,,,,,,
,,,,,,,,,,,,,,,,,,,,,,,,,,,,,,
,,,,,,,,,,,,,,,,,,,,,,,,,,,,,,
,,,,,,,,,,,,,,,,,,,,,,,,,,,,,,
,,,,,,,,,,,,,,,,,,,,,,,,,,,,,,
,,,,,,,,,,,,,,,,,,,,,,,,,,,,,,
,,,,,,,,,,,,,,,,,,,,,,,,,,,,,,
,,,,,,,,,,,,,,,,,,,,,,,,,,,,,,
,,,,,,,,,,,,,,,,,,,,,,,,,,,,,,
,,,,,,,,,,,,,,,,,,,,,,,,,,,,,,
,,,,,,,,,,,,,,,,,,,,,,,,,,,,,,
,,,,,,,,,,,,,,,,,,,,,,,,,,,,,,
,,,,,,,,,,,,,,,,,,,,,,,,,,,,,,
,,,,,,,,,,,,,,,,,,,,,,,,,,,,,,
,,,,,,,,,,,,,,,,,,,,,,,,,,,,,,
,,,,,,,,,,,,,,,,,,,,,,,,,,,,,,
,,,,,,,,,,,,,,,,,,,,,,,,,,,,,,
,,,,,,,,,,,,,,,,,,,,,,,,,,,,,,
,,,,,,,,,,,,,,,,,,,,,,,,,,,,,,
,,,,,,,,,,,,,,,,,,,,,,,,,,,,,,
,,,,,,,,,,,,,,,,,,,,,,,,,,,,,,
,,,,,,,,,,,,,,,,,,,,,,,,,,,,,,
,,,,,,,,,,,,,,,,,,,,,,,,,,,,,,
,,,,,,,,,,,,,,,,,,,,,,,,,,,,,,
,,,,,,,,,,,,,,,,,,,,,,,,,,,,,,
,,,,,,,,,,,,,,,,,,,,,,,,,,,,,,
,,,,,,,,,,,,,,,,,,,,,,,,,,,,,,
,,,,,,,,,,,,,,,,,,,,,,,,,,,,,,
,,,,,,,,,,,,,,,,,,,,,,,,,,,,,,
,,,,,,,,,,,,,,,,,,,,,,,,,,,,,,
,,,,,,,,,,,,,,,,,,,,,,,,,,,,,,
,,,,,,,,,,,,,,,,,,,,,,,,,,,,,,
,,,,,,,,,,,,,,,,,,,,,,,,,,,,,,
,,,,,,,,,,,,,,,,,,,,,,,,,,,,,,
,,,,,,,,,,,,,,,,,,,,,,,,,,,,,,
,,,,,,,,,,,,,,,,,,,,,,,,,,,,,,
,,,,,,,,,,,,,,,,,,,,,,,,,,,,,,
,,,,,,,,,,,,,,,,,,,,,,,,,,,,,,
,,,,,,,,,,,,,,,,,,,,,,,,,,,,,,
,,,,,,,,,,,,,,,,,,,,,,,,,,,,,,
,,,,,,,,,,,,,,,,,,,,,,,,,,,,,,
,,,,,,,,,,,,,,,,,,,,,,,,,,,,,,
,,,,,,,,,,,,,,,,,,,,,,,,,,,,,,
,,,,,,,,,,,,,,,,,,,,,,,,,,,,,,
,,,,,,,,,,,,,,,,,,,,,,,,,,,,,,
,,,,,,,,,,,,,,,,,,,,,,,,,,,,,,
,,,,,,,,,,,,,,,,,,,,,,,,,,,,,,
,,,,,,,,,,,,,,,,,,,,,,,,,,,,,,
,,,,,,,,,,,,,,,,,,,,,,,,,,,,,,
,,,,,,,,,,,,,,,,,,,,,,,,,,,,,,
,,,,,,,,,,,,,,,,,,,,,,,,,,,,,,
,,,,,,,,,,,,,,,,,,,,,,,,,,,,,,
,,,,,,,,,,,,,,,,,,,,,,,,,,,,,,
,,,,,,,,,,,,,,,,,,,,,,,,,,,,,,
,,,,,,,,,,,,,,,,,,,,,,,,,,,,,,
,,,,,,,,,,,,,,,,,,,,,,,,,,,,,,
,,,,,,,,,,,,,,,,,,,,,,,,,,,,,,
,,,,,,,,,,,,,,,,,,,,,,,,,,,,,,
,,,,,,,,,,,,,,,,,,,,,,,,,,,,,,
,,,,,,,,,,,,,,,,,,,,,,,,,,,,,,
,,,,,,,,,,,,,,,,,,,,,,,,,,,,,,
,,,,,,,,,,,,,,,,,,,,,,,,,,,,,,
,,,,,,,,,,,,,,,,,,,,,,,,,,,,,,
,,,,,,,,,,,,,,,,,,,,,,,,,,,,,,
,,,,,,,,,,,,,,,,,,,,,,,,,,,,,,
,,,,,,,,,,,,,,,,,,,,,,,,,,,,,,
,,,,,,,,,,,,,,,,,,,,,,,,,,,,,,
,,,,,,,,,,,,,,,,,,,,,,,,,,,,,,
,,,,,,,,,,,,,,,,,,,,,,,,,,,,,,
,,,,,,,,,,,,,,,,,,,,,,,,,,,,,,
,,,,,,,,,,,,,,,,,,,,,,,,,,,,,,
,,,,,,,,,,,,,,,,,,,,,,,,,,,,,,
,,,,,,,,,,,,,,,,,,,,,,,,,,,,,,
,,,,,,,,,,,,,,,,,,,,,,,,,,,,,,
,,,,,,,,,,,,,,,,,,,,,,,,,,,,,,
,,,,,,,,,,,,,,,,,,,,,,,,,,,,,,
,,,,,,,,,,,,,,,,,,,,,,,,,,,,,,
,,,,,,,,,,,,,,,,,,,,,,,,,,,,,,
,,,,,,,,,,,,,,,,,,,,,,,,,,,,,,
,,,,,,,,,,,,,,,,,,,,,,,,,,,,,,
,,,,,,,,,,,,,,,,,,,,,,,,,,,,,,
,,,,,,,,,,,,,,,,,,,,,,,,,,,,,,
,,,,,,,,,,,,,,,,,,,,,,,,,,,,,,
,,,,,,,,,,,,,,,,,,,,,,,,,,,,,,
,,,,,,,,,,,,,,,,,,,,,,,,,,,,,,
,,,,,,,,,,,,,,,,,,,,,,,,,,,,,,
,,,,,,,,,,,,,,,,,,,,,,,,,,,,,,
,,,,,,,,,,,,,,,,,,,,,,,,,,,,,,
,,,,,,,,,,,,,,,,,,,,,,,,,,,,,,
,,,,,,,,,,,,,,,,,,,,,,,,,,,,,,
,,,,,,,,,,,,,,,,,,,,,,,,,,,,,,
,,,,,,,,,,,,,,,,,,,,,,,,,,,,,,
,,,,,,,,,,,,,,,,,,,,,,,,,,,,,,
,,,,,,,,,,,,,,,,,,,,,,,,,,,,,,
,,,,,,,,,,,,,,,,,,,,,,,,,,,,,,
,,,,,,,,,,,,,,,,,,,,,,,,,,,,,,
,,,,,,,,,,,,,,,,,,,,,,,,,,,,,,
,,,,,,,,,,,,,,,,,,,,,,,,,,,,,,
,,,,,,,,,,,,,,,,,,,,,,,,,,,,,,
,,,,,,,,,,,,,,,,,,,,,,,,,,,,,,
,,,,,,,,,,,,,,,,,,,,,,,,,,,,,,
,,,,,,,,,,,,,,,,,,,,,,,,,,,,,,
,,,,,,,,,,,,,,,,,,,,,,,,,,,,,,
,,,,,,,,,,,,,,,,,,,,,,,,,,,,,,
,,,,,,,,,,,,,,,,,,,,,,,,,,,,,,
,,,,,,,,,,,,,,,,,,,,,,,,,,,,,,
,,,,,,,,,,,,,,,,,,,,,,,,,,,,,,
,,,,,,,,,,,,,,,,,,,,,,,,,,,,,,
,,,,,,,,,,,,,,,,,,,,,,,,,,,,,,
,,,,,,,,,,,,,,,,,,,,,,,,,,,,,,
,,,,,,,,,,,,,,,,,,,,,,,,,,,,,,
,,,,,,,,,,,,,,,,,,,,,,,,,,,,,,
,,,,,,,,,,,,,,,,,,,,,,,,,,,,,,
,,,,,,,,,,,,,,,,,,,,,,,,,,,,,,
,,,,,,,,,,,,,,,,,,,,,,,,,,,,,,
,,,,,,,,,,,,,,,,,,,,,,,,,,,,,,
,,,,,,,,,,,,,,,,,,,,,,,,,,,,,,
,,,,,,,,,,,,,,,,,,,,,,,,,,,,,,
,,,,,,,,,,,,,,,,,,,,,,,,,,,,,,
,,,,,,,,,,,,,,,,,,,,,,,,,,,,,,
,,,,,,,,,,,,,,,,,,,,,,,,,,,,,,
,,,,,,,,,,,,,,,,,,,,,,,,,,,,,,
,,,,,,,,,,,,,,,,,,,,,,,,,,,,,,
,,,,,,,,,,,,,,,,,,,,,,,,,,,,,,
,,,,,,,,,,,,,,,,,,,,,,,,,,,,,,
,,,,,,,,,,,,,,,,,,,,,,,,,,,,,,
,,,,,,,,,,,,,,,,,,,,,,,,,,,,,,
,,,,,,,,,,,,,,,,,,,,,,,,,,,,,,
,,,,,,,,,,,,,,,,,,,,,,,,,,,,,,
,,,,,,,,,,,,,,,,,,,,,,,,,,,,,,
,,,,,,,,,,,,,,,,,,,,,,,,,,,,,,
,,,,,,,,,,,,,,,,,,,,,,,,,,,,,,
,,,,,,,,,,,,,,,,,,,,,,,,,,,,,,
,,,,,,,,,,,,,,,,,,,,,,,,,,,,,,
,,,,,,,,,,,,,,,,,,,,,,,,,,,,,,
,,,,,,,,,,,,,,,,,,,,,,,,,,,,,,
,,,,,,,,,,,,,,,,,,,,,,,,,,,,,,
,,,,,,,,,,,,,,,,,,,,,,,,,,,,,,
,,,,,,,,,,,,,,,,,,,,,,,,,,,,,,
,,,,,,,,,,,,,,,,,,,,,,,,,,,,,,
,,,,,,,,,,,,,,,,,,,,,,,,,,,,,,
,,,,,,,,,,,,,,,,,,,,,,,,,,,,,,
,,,,,,,,,,,,,,,,,,,,,,,,,,,,,,
,,,,,,,,,,,,,,,,,,,,,,,,,,,,,,
,,,,,,,,,,,,,,,,,,,,,,,,,,,,,,
,,,,,,,,,,,,,,,,,,,,,,,,,,,,,,
,,,,,,,,,,,,,,,,,,,,,,,,,,,,,,
,,,,,,,,,,,,,,,,,,,,,,,,,,,,,,
,,,,,,,,,,,,,,,,,,,,,,,,,,,,,,
,,,,,,,,,,,,,,,,,,,,,,,,,,,,,,
,,,,,,,,,,,,,,,,,,,,,,,,,,,,,,
,,,,,,,,,,,,,,,,,,,,,,,,,,,,,,
